-- phpMyAdmin SQL Dump
-- version 4.9.2
-- https://www.phpmyadmin.net/
--
-- Host: localhost
-- Generation Time: Jan 08, 2020 at 03:06 PM
-- Server version: 10.4.10-MariaDB
-- PHP Version: 7.3.12

SET SQL_MODE = "NO_AUTO_VALUE_ON_ZERO";
SET AUTOCOMMIT = 0;
START TRANSACTION;
SET time_zone = "+00:00";


/*!40101 SET @OLD_CHARACTER_SET_CLIENT=@@CHARACTER_SET_CLIENT */;
/*!40101 SET @OLD_CHARACTER_SET_RESULTS=@@CHARACTER_SET_RESULTS */;
/*!40101 SET @OLD_COLLATION_CONNECTION=@@COLLATION_CONNECTION */;
/*!40101 SET NAMES utf8mb4 */;

--
-- Database: `qldv`
--

-- --------------------------------------------------------

--
-- Table structure for table `action`
--

CREATE TABLE `action` (
  `id_action` int(11) NOT NULL,
  `name` varchar(500) NOT NULL,
  `id_category` int(11) NOT NULL,
  `time` datetime DEFAULT NULL,
  `created_at` datetime DEFAULT NULL,
  `updated_at` datetime DEFAULT NULL,
  `content` longtext DEFAULT NULL,
  `author` varchar(255) DEFAULT NULL,
  `type` int(255) DEFAULT NULL,
  `sum` int(255) DEFAULT NULL
) ENGINE=InnoDB DEFAULT CHARSET=utf8;

-- --------------------------------------------------------

--
-- Table structure for table `action_relationship_class`
--

CREATE TABLE `action_relationship_class` (
  `id_action_rela_class` int(11) NOT NULL,
  `id_action` int(11) NOT NULL,
  `id_class` varchar(255) NOT NULL,
  `confirm` int(11) DEFAULT 0
) ENGINE=InnoDB DEFAULT CHARSET=utf8mb4;

-- --------------------------------------------------------

--
-- Table structure for table `attendance`
--

CREATE TABLE `attendance` (
  `id_student` varchar(255) DEFAULT NULL,
  `id_action` int(255) DEFAULT NULL,
  `status` int(255) DEFAULT NULL,
  `created_at` datetime(6) DEFAULT NULL,
  `updated_at` datetime(6) DEFAULT NULL,
  `id_attendance` int(255) NOT NULL,
  `note` varchar(5000) DEFAULT NULL,
  `point` int(11) DEFAULT NULL
) ENGINE=InnoDB DEFAULT CHARSET=utf8;

-- --------------------------------------------------------

--
-- Table structure for table `category`
--

CREATE TABLE `category` (
  `id_category` int(11) NOT NULL,
  `name` varchar(5000) NOT NULL,
  `created_at` datetime NOT NULL,
  `updated_at` datetime NOT NULL
) ENGINE=InnoDB DEFAULT CHARSET=utf8mb4;

--
-- Dumping data for table `category`
--

INSERT INTO `category` (`id_category`, `name`, `created_at`, `updated_at`) VALUES
(2, 'Họp lớp', '2019-12-22 16:25:35', '2019-12-22 16:25:35'),
(3, 'Hoạt động chung', '2019-12-22 16:25:57', '2019-12-22 16:25:57'),
(4, 'Hoạt động Đoàn', '2019-12-22 16:26:11', '2019-12-22 16:26:11'),
(5, 'Hoạt động Khoa', '2019-12-22 16:26:24', '2019-12-22 16:26:24');

-- --------------------------------------------------------

--
-- Table structure for table `class`
--

CREATE TABLE `class` (
  `id_class` varchar(255) NOT NULL,
  `start_study` date DEFAULT NULL,
  `end_study` date DEFAULT NULL,
  `id_teacher` int(255) DEFAULT NULL
) ENGINE=InnoDB DEFAULT CHARSET=utf8;

--
-- Dumping data for table `class`
--

INSERT INTO `class` (`id_class`, `start_study`, `end_study`, `id_teacher`) VALUES
('18IT5', '2018-08-31', '2023-01-30', 1),
('19IT1', '2019-08-30', '2024-01-30', 1);

-- --------------------------------------------------------

--
-- Table structure for table `diem_demo`
--

CREATE TABLE `diem_demo` (
  `id` int(11) NOT NULL,
  `id_student` varchar(255) DEFAULT NULL,
  `point` float(11,0) DEFAULT NULL
) ENGINE=InnoDB DEFAULT CHARSET=utf8;

--
-- Dumping data for table `diem_demo`
--

INSERT INTO `diem_demo` (`id`, `id_student`, `point`) VALUES
(1, '18IT262', 0),
(2, '18IT263', 2),
(3, '18IT264', 2),
(4, '18IT265', 4),
(5, '18IT266', 2),
(6, '18IT267', 1),
(7, '18IT268', 2),
(8, '18IT269', 2),
(9, '18IT270', 1),
(10, '18IT271', 3),
(11, '18IT272', 0),
(12, '18IT273', 4),
(13, '18IT274', 2),
(14, '18IT275', 0),
(15, '18IT276', 1),
(16, '18IT277', 2),
(17, '18IT278', 4),
(18, '18IT279', 4),
(19, '18IT280', 3),
(20, '18IT281', 3),
(21, '18IT282', 3),
(22, '18IT283', 4),
(23, '18IT284', 2),
(24, '18IT285', 3),
(25, '18IT286', 1),
(26, '18IT287', 4),
(27, '18IT288', 4),
(28, '18IT289', 3),
(29, '18IT290', 3),
(30, '18IT291', 1),
(31, '18IT292', 1),
(32, '18IT293', 1),
(33, '18IT294', 3),
(34, '18IT295', 4),
(35, '18IT296', 1),
(36, '18IT297', 4),
(37, '18IT298', 1),
(38, '18IT299', 1),
(39, '18IT300', 0),
(40, '18IT301', 2),
(41, '18IT302', 4),
(42, '18IT303', 0),
(43, '18IT304', 3),
(44, '18IT305', 2),
(45, '18IT308', 2),
(46, '18IT309', 0),
(47, '18IT313', 3),
(48, '18IT317', 3),
(49, '18IT318', 0),
(50, '18IT319', 4),
(51, '18IT320', 4),
(52, '18IT321', 0),
(53, '18IT322', 2),
(54, '18IT324', 4),
(55, '18IT325', 1),
(56, '18IT328', 4),
(57, '18IT329', 1),
(58, '18IT332', 4),
(59, '18IT333', 0),
(60, '18IT334', 2),
(61, '18IT335', 1),
(62, '18IT336', 4),
(63, '18IT337', 1),
(64, '18IT340', 4),
(65, '18IT341', 3),
(66, '18IT342', 2),
(67, '18IT345', 0),
(68, '18IT346', 2),
(69, '18IT347', 3),
(70, '18IT348', 3),
(71, '18IT349', 2),
(72, '18IT350', 1),
(73, '18IT351', 0),
(74, '18IT352', 4),
(75, '18IT354', 4),
(76, '18IT355', 0),
(77, '18IT356', 0),
(78, '18IT359', 1),
(79, '18IT360', 2),
(80, '18IT361', 3),
(81, '18IT362', 2),
(82, '18IT363', 0),
(83, '18IT365', 0);

-- --------------------------------------------------------

--
-- Table structure for table `dot_xet_diem`
--

CREATE TABLE `dot_xet_diem` (
  `id_dot_xet` int(255) NOT NULL,
  `nam_hoc` varchar(255) DEFAULT NULL,
  `hoc_ki` int(255) DEFAULT NULL,
  `ngay_bat_dau` date DEFAULT NULL,
  `ngay_ket_thuc` date DEFAULT NULL,
  `created_at` datetime DEFAULT NULL,
  `updated_at` datetime DEFAULT NULL
) ENGINE=InnoDB DEFAULT CHARSET=utf8;

--
-- Dumping data for table `dot_xet_diem`
--

INSERT INTO `dot_xet_diem` (`id_dot_xet`, `nam_hoc`, `hoc_ki`, `ngay_bat_dau`, `ngay_ket_thuc`, `created_at`, `updated_at`) VALUES
(24, '2018-2019', 1, '2018-08-30', '2018-12-31', '2019-12-16 04:21:06', '2019-12-16 04:21:06'),
(25, '2018-2019', 2, '2019-01-01', '2019-06-01', '2019-12-16 04:22:02', '2019-12-16 04:22:02'),
(33, '2019-2020', 1, '2019-08-30', '2019-12-31', '2020-01-06 09:15:11', '2020-01-06 09:15:11');

-- --------------------------------------------------------

--
-- Table structure for table `dot_xet_diem_rela_class`
--

CREATE TABLE `dot_xet_diem_rela_class` (
  `id` int(11) NOT NULL,
  `id_dot` int(11) NOT NULL,
  `id_class` varchar(255) NOT NULL
) ENGINE=InnoDB DEFAULT CHARSET=utf8mb4;

--
-- Dumping data for table `dot_xet_diem_rela_class`
--

INSERT INTO `dot_xet_diem_rela_class` (`id`, `id_dot`, `id_class`) VALUES
(1, 24, '18IT5'),
(2, 25, '18IT5'),
(16, 33, '18IT5'),
(17, 33, '19IT1');

-- --------------------------------------------------------

--
-- Table structure for table `my_points`
--

CREATE TABLE `my_points` (
  `id_my_point` int(255) NOT NULL,
  `id_student` varchar(255) NOT NULL,
  `id_dot` int(255) NOT NULL,
  `p1a` int(255) DEFAULT NULL,
  `p1b1` int(255) DEFAULT NULL,
  `p1b2` int(255) DEFAULT NULL,
  `p1c` int(255) DEFAULT NULL,
  `p1d` int(255) DEFAULT NULL,
  `p1dd` int(255) DEFAULT NULL,
  `p2a1` int(255) DEFAULT NULL,
  `p2a2` int(255) DEFAULT NULL,
  `p2b1` int(255) DEFAULT NULL,
  `p2b2` int(255) DEFAULT NULL,
  `p2b3` int(255) DEFAULT NULL,
  `p3a1` int(255) DEFAULT NULL,
  `p3a2` int(255) DEFAULT NULL,
  `p3b1` int(255) DEFAULT NULL,
  `p3b2` int(255) DEFAULT NULL,
  `p3b3` int(255) DEFAULT NULL,
  `p3c` int(255) DEFAULT NULL,
  `p4a1` int(255) DEFAULT NULL,
  `p4a2` int(255) DEFAULT NULL,
  `p4a3` int(255) DEFAULT NULL,
  `p4b` int(255) DEFAULT NULL,
  `p4c` int(255) DEFAULT NULL,
  `confirm` int(255) DEFAULT NULL,
  `created_at` datetime DEFAULT NULL,
  `updated_at` datetime DEFAULT NULL,
  `total` int(255) DEFAULT NULL
) ENGINE=InnoDB DEFAULT CHARSET=utf8;

--
-- Dumping data for table `my_points`
--

INSERT INTO `my_points` (`id_my_point`, `id_student`, `id_dot`, `p1a`, `p1b1`, `p1b2`, `p1c`, `p1d`, `p1dd`, `p2a1`, `p2a2`, `p2b1`, `p2b2`, `p2b3`, `p3a1`, `p3a2`, `p3b1`, `p3b2`, `p3b3`, `p3c`, `p4a1`, `p4a2`, `p4a3`, `p4b`, `p4c`, `confirm`, `created_at`, `updated_at`, `total`) VALUES
(351, '18IT262', 24, 5, 3, 3, 4, 2, 3, 2, 4, 5, 5, 5, 9, 3, 0, 0, 0, 0, 1, 2, 1, 7, 2, 1, '2019-12-16 04:21:06', '2019-12-16 16:00:58', 66),
(352, '18IT263', 24, 10, 0, 3, 4, 2, 0, 5, 2, 5, 5, 1, 9, 5, 1, 1, 0, 0, 5, 3, 1, 7, 0, 1, '2019-12-16 04:21:06', '2019-12-16 16:00:58', 69),
(353, '18IT264', 24, 1, 3, 4, 4, 1, 3, 4, 4, 2, 4, 3, 8, 2, 0, 1, 1, 4, 5, 3, 1, 6, 2, 1, '2019-12-16 04:21:06', '2019-12-16 16:00:58', 66),
(354, '18IT265', 24, 8, 0, 3, 1, 2, 3, 4, 1, 4, 5, 4, 7, 5, 2, 1, 0, 3, 5, 3, 1, 2, 2, 1, '2019-12-16 04:21:06', '2019-12-16 16:00:58', 66),
(355, '18IT266', 24, 8, 3, 0, 1, 2, 2, 6, 4, 2, 1, 2, 8, 4, 3, 1, 0, 4, 4, 1, 1, 8, 2, 1, '2019-12-16 04:21:06', '2019-12-16 16:00:58', 67),
(356, '18IT267', 24, 9, 3, 5, 4, 1, 6, 5, 2, 1, 1, 3, 8, 5, 1, 0, 0, 4, 5, 0, 2, 8, 1, 1, '2019-12-16 04:21:06', '2019-12-16 16:00:58', 74),
(357, '18IT268', 24, 10, 0, 3, 2, 1, 2, 6, 3, 5, 5, 3, 10, 4, 4, 0, 1, 4, 5, 3, 2, 7, 1, 1, '2019-12-16 04:21:06', '2019-12-16 16:00:58', 81),
(358, '18IT269', 24, 8, 3, 3, 3, 1, 0, 6, 4, 4, 1, 5, 8, 5, 2, 1, 1, 0, 2, 3, 2, 6, 2, 1, '2019-12-16 04:21:06', '2019-12-16 16:00:58', 70),
(359, '18IT270', 24, 2, 3, 5, 4, 2, 0, 6, 4, 3, 3, 3, 8, 2, 2, 0, 0, 4, 3, 0, 1, 8, 0, 1, '2019-12-16 04:21:06', '2019-12-27 20:31:36', 63),
(360, '18IT271', 24, 9, 3, 5, 3, 1, 3, 5, 4, 5, 4, 4, 10, 1, 4, 0, 1, 4, 4, 0, 1, 7, 1, 1, '2019-12-16 04:21:06', '2019-12-27 20:31:55', 79),
(361, '18IT272', 24, 9, 3, 5, 4, 1, 6, 4, 1, 5, 5, 3, 10, 4, 3, 0, 1, 3, 3, 3, 2, 5, 0, 1, '2019-12-16 04:21:06', '2019-12-16 16:00:58', 80),
(362, '18IT273', 24, 10, 3, 4, 3, 2, 0, 6, 0, 3, 1, 5, 8, 2, 1, 0, 1, 4, 3, 2, 0, 8, 2, 1, '2019-12-16 04:21:06', '2019-12-16 16:00:58', 68),
(363, '18IT274', 24, 9, 0, 4, 0, 2, 2, 6, 1, 4, 3, 5, 6, 5, 4, 1, 1, 4, 1, 1, 1, 6, 0, 1, '2019-12-16 04:21:06', '2019-12-16 16:00:58', 66),
(364, '18IT275', 24, 9, 2, 5, 4, 2, 0, 3, 2, 5, 3, 2, 7, 3, 3, 0, 1, 1, 3, 3, 2, 6, 0, 1, '2019-12-16 04:21:06', '2019-12-16 16:00:58', 66),
(365, '18IT276', 24, 7, 3, 2, 4, 2, 0, 6, 4, 5, 2, 5, 3, 5, 4, 1, 0, 3, 4, 1, 0, 6, 2, 1, '2019-12-16 04:21:06', '2019-12-16 16:00:58', 69),
(366, '18IT277', 24, 10, 1, 5, 1, 2, 3, 4, 3, 1, 4, 1, 10, 5, 3, 1, 0, 0, 0, 2, 1, 7, 2, 1, '2019-12-16 04:21:06', '2019-12-16 16:00:58', 66),
(367, '18IT278', 24, 9, 0, 5, 4, 2, 6, 3, 3, 4, 5, 4, 8, 5, 2, 0, 1, 2, 4, 3, 0, 4, 1, 1, '2019-12-16 04:21:06', '2019-12-16 16:00:58', 75),
(368, '18IT279', 24, 10, 2, 3, 2, 2, 3, 5, 2, 4, 4, 5, 9, 4, 3, 0, 1, 4, 5, 0, 2, 8, 2, 1, '2019-12-16 04:21:06', '2019-12-16 16:00:58', 80),
(369, '18IT280', 24, 4, 3, 0, 3, 0, 6, 0, 3, 5, 3, 5, 9, 5, 4, 0, 1, 4, 5, 1, 2, 6, 1, 1, '2019-12-16 04:21:06', '2019-12-16 16:00:58', 70),
(370, '18IT281', 24, 10, 1, 3, 4, 0, 0, 4, 4, 1, 5, 5, 8, 3, 4, 0, 1, 2, 4, 0, 0, 5, 2, 1, '2019-12-16 04:21:06', '2019-12-16 16:00:58', 66),
(371, '18IT282', 24, 10, 0, 4, 4, 1, 2, 0, 2, 3, 5, 5, 10, 5, 1, 1, 1, 4, 0, 2, 0, 8, 0, 1, '2019-12-16 04:21:06', '2019-12-16 16:00:58', 68),
(372, '18IT283', 24, 9, 2, 2, 4, 2, 0, 3, 3, 2, 5, 3, 10, 3, 2, 0, 0, 4, 0, 2, 1, 8, 2, 1, '2019-12-16 04:21:06', '2019-12-16 16:00:58', 67),
(373, '18IT284', 24, 10, 2, 3, 4, 1, 2, 3, 0, 3, 3, 0, 7, 1, 3, 1, 1, 4, 4, 2, 2, 8, 2, 1, '2019-12-16 04:21:06', '2019-12-16 16:00:58', 66),
(374, '18IT285', 24, 2, 3, 1, 4, 0, 3, 6, 4, 0, 4, 0, 10, 4, 4, 1, 0, 4, 4, 3, 2, 7, 2, 1, '2019-12-16 04:21:06', '2019-12-16 16:00:58', 68),
(375, '18IT286', 24, 8, 1, 2, 1, 2, 0, 5, 2, 2, 5, 2, 9, 5, 3, 0, 0, 3, 5, 3, 2, 4, 1, 1, '2019-12-16 04:21:06', '2019-12-27 20:32:43', 65),
(376, '18IT287', 24, 9, 2, 5, 4, 2, 0, 5, 4, 3, 2, 4, 7, 5, 0, 1, 0, 3, 3, 3, 2, 4, 0, 1, '2019-12-16 04:21:06', '2019-12-16 16:00:58', 68),
(377, '18IT288', 24, 1, 1, 5, 3, 2, 3, 4, 3, 5, 1, 5, 6, 4, 2, 0, 0, 4, 5, 3, 1, 7, 1, 1, '2019-12-16 04:21:06', '2019-12-16 16:00:58', 66),
(378, '18IT289', 24, 10, 3, 1, 4, 2, 2, 3, 4, 5, 0, 4, 4, 5, 4, 0, 1, 1, 5, 3, 2, 4, 0, 1, '2019-12-16 04:21:06', '2019-12-16 16:00:58', 67),
(379, '18IT290', 24, 8, 1, 4, 2, 2, 3, 5, 0, 1, 5, 5, 9, 2, 4, 1, 1, 1, 5, 3, 1, 2, 1, 1, '2019-12-16 04:21:06', '2019-12-16 16:00:58', 66),
(380, '18IT291', 24, 9, 3, 5, 1, 1, 3, 5, 1, 2, 4, 4, 7, 3, 3, 0, 1, 2, 3, 3, 0, 7, 0, 1, '2019-12-16 04:21:06', '2019-12-16 16:00:58', 67),
(381, '18IT292', 24, 1, 3, 4, 4, 2, 0, 6, 3, 5, 5, 5, 4, 5, 2, 1, 1, 2, 2, 3, 2, 6, 1, 1, '2019-12-16 04:21:06', '2019-12-27 20:32:35', 67),
(382, '18IT293', 24, 9, 2, 3, 4, 2, 6, 6, 2, 3, 4, 3, 10, 4, 3, 1, 0, 4, 1, 3, 1, 7, 2, 1, '2019-12-16 04:21:06', '2019-12-16 16:00:58', 80),
(383, '18IT294', 24, 8, 1, 5, 3, 2, 0, 4, 2, 5, 5, 5, 7, 2, 4, 1, 0, 4, 5, 3, 2, 6, 0, 1, '2019-12-16 04:21:06', '2019-12-16 16:00:58', 74),
(384, '18IT295', 24, 10, 2, 5, 4, 2, 0, 3, 4, 3, 5, 2, 7, 4, 4, 1, 0, 2, 0, 3, 0, 7, 0, 1, '2019-12-16 04:21:06', '2019-12-16 16:00:58', 68),
(385, '18IT296', 24, 5, 0, 4, 3, 2, 3, 2, 4, 3, 2, 5, 9, 4, 0, 1, 1, 4, 2, 3, 1, 8, 1, 1, '2019-12-16 04:21:06', '2019-12-16 16:00:58', 67),
(386, '18IT297', 24, 10, 1, 3, 0, 1, 0, 5, 3, 1, 4, 5, 10, 2, 4, 1, 0, 4, 2, 2, 0, 8, 0, 1, '2019-12-16 04:21:06', '2019-12-16 16:00:58', 66),
(387, '18IT298', 24, 10, 3, 2, 4, 0, 0, 1, 3, 5, 5, 0, 10, 4, 4, 1, 1, 2, 1, 3, 1, 5, 1, 1, '2019-12-16 04:21:06', '2019-12-16 16:00:58', 66),
(388, '18IT299', 24, 9, 3, 2, 4, 2, 6, 1, 2, 1, 5, 2, 10, 3, 1, 0, 1, 3, 2, 2, 1, 7, 1, 1, '2019-12-16 04:21:06', '2019-12-16 16:00:58', 68),
(389, '18IT300', 24, 5, 1, 3, 2, 2, 2, 4, 4, 3, 5, 4, 9, 5, 4, 0, 1, 2, 3, 0, 2, 8, 2, 1, '2019-12-16 04:21:06', '2019-12-16 16:00:58', 71),
(390, '18IT301', 24, 9, 3, 3, 4, 2, 0, 5, 2, 5, 3, 2, 10, 4, 2, 0, 1, 4, 1, 1, 1, 6, 2, 1, '2019-12-16 04:21:06', '2019-12-16 16:00:58', 70),
(391, '18IT302', 24, 9, 2, 4, 4, 1, 0, 5, 4, 5, 5, 0, 9, 0, 0, 0, 1, 3, 5, 1, 2, 8, 1, 1, '2019-12-16 04:21:06', '2019-12-16 16:00:58', 69),
(392, '18IT303', 24, 9, 0, 4, 0, 0, 2, 3, 4, 1, 5, 3, 7, 1, 4, 1, 0, 4, 4, 3, 2, 7, 2, 1, '2019-12-16 04:21:06', '2019-12-16 16:00:58', 66),
(393, '18IT304', 24, 6, 0, 1, 3, 2, 6, 3, 3, 2, 5, 1, 8, 4, 4, 1, 1, 3, 5, 2, 2, 4, 2, 1, '2019-12-16 04:21:06', '2019-12-16 16:00:58', 68),
(394, '18IT305', 24, 9, 3, 2, 4, 0, 6, 4, 4, 1, 3, 5, 6, 1, 4, 0, 1, 2, 2, 3, 1, 8, 0, 1, '2019-12-16 04:21:06', '2019-12-16 16:00:58', 69),
(395, '18IT308', 24, 10, 1, 0, 4, 0, 6, 3, 1, 3, 4, 1, 7, 4, 4, 0, 1, 1, 4, 1, 2, 8, 1, 1, '2019-12-16 04:21:06', '2019-12-16 16:00:58', 66),
(396, '18IT309', 24, 10, 2, 1, 3, 0, 0, 4, 3, 3, 4, 4, 9, 3, 0, 1, 1, 4, 2, 2, 1, 7, 2, 1, '2019-12-16 04:21:06', '2019-12-16 16:00:58', 66),
(397, '18IT313', 24, 10, 3, 3, 3, 2, 0, 6, 4, 5, 5, 5, 10, 2, 2, 0, 0, 3, 5, 0, 2, 8, 2, 1, '2019-12-16 04:21:06', '2019-12-16 16:00:58', 80),
(398, '18IT317', 24, 10, 2, 5, 1, 2, 0, 6, 4, 4, 5, 0, 5, 4, 2, 0, 1, 3, 5, 1, 0, 8, 1, 1, '2019-12-16 04:21:06', '2019-12-16 16:00:58', 69),
(399, '18IT318', 24, 10, 1, 4, 2, 2, 3, 6, 3, 5, 5, 4, 10, 5, 1, 1, 1, 2, 4, 3, 2, 8, 2, 1, '2019-12-16 04:21:06', '2019-12-16 16:00:58', 84),
(400, '18IT319', 24, 7, 2, 2, 4, 2, 6, 5, 4, 3, 4, 5, 10, 1, 4, 1, 1, 4, 4, 1, 1, 8, 2, 1, '2019-12-16 04:21:06', '2019-12-16 16:00:58', 81),
(401, '18IT320', 24, 10, 3, 5, 4, 2, 6, 5, 4, 1, 5, 4, 9, 2, 3, 1, 0, 4, 4, 3, 2, 1, 2, 1, '2019-12-16 04:21:06', '2019-12-16 16:00:58', 80),
(402, '18IT321', 24, 7, 3, 3, 3, 0, 0, 5, 4, 5, 0, 5, 9, 5, 1, 0, 1, 3, 0, 3, 2, 6, 1, 1, '2019-12-16 04:21:06', '2019-12-16 16:00:58', 66),
(403, '18IT322', 24, 8, 3, 5, 3, 0, 0, 6, 2, 5, 4, 5, 10, 1, 4, 1, 1, 4, 4, 3, 2, 8, 2, 1, '2019-12-16 04:21:06', '2019-12-16 16:00:58', 81),
(404, '18IT324', 24, 8, 2, 5, 0, 1, 0, 6, 3, 2, 2, 4, 7, 5, 3, 1, 0, 4, 3, 2, 2, 7, 0, 1, '2019-12-16 04:21:06', '2019-12-16 16:00:58', 67),
(405, '18IT325', 24, 10, 3, 3, 2, 2, 3, 6, 3, 5, 5, 4, 6, 5, 3, 1, 0, 3, 4, 3, 1, 7, 1, 1, '2019-12-16 04:21:06', '2019-12-16 16:00:58', 80),
(406, '18IT328', 24, 8, 3, 4, 2, 0, 0, 5, 2, 5, 3, 5, 5, 0, 4, 1, 1, 3, 0, 3, 1, 8, 2, 1, '2019-12-16 04:21:06', '2019-12-16 16:00:58', 65),
(407, '18IT329', 24, 10, 0, 5, 2, 0, 6, 6, 0, 1, 2, 3, 10, 5, 1, 1, 1, 1, 0, 1, 2, 8, 1, 1, '2019-12-16 04:21:06', '2019-12-16 16:00:58', 66),
(408, '18IT332', 24, 7, 2, 5, 0, 2, 3, 3, 4, 3, 5, 3, 10, 1, 4, 1, 0, 1, 2, 3, 2, 8, 1, 1, '2019-12-16 04:21:06', '2019-12-16 16:00:58', 70),
(409, '18IT333', 24, 10, 0, 3, 2, 0, 6, 6, 2, 5, 5, 4, 10, 5, 4, 1, 0, 3, 4, 3, 2, 5, 2, 1, '2019-12-16 04:21:06', '2019-12-16 16:00:58', 82),
(410, '18IT334', 24, 6, 1, 0, 1, 2, 0, 3, 3, 5, 3, 5, 7, 4, 4, 1, 1, 2, 5, 3, 1, 8, 0, 1, '2019-12-16 04:21:06', '2019-12-16 16:00:58', 65),
(411, '18IT335', 24, 9, 3, 4, 1, 1, 0, 5, 3, 5, 4, 5, 5, 5, 2, 1, 0, 3, 2, 2, 1, 8, 1, 1, '2019-12-16 04:21:06', '2019-12-16 16:00:58', 70),
(412, '18IT336', 24, 10, 2, 5, 4, 0, 0, 4, 0, 1, 4, 1, 10, 5, 2, 0, 0, 2, 5, 3, 0, 8, 0, 1, '2019-12-16 04:21:06', '2019-12-16 16:00:58', 66),
(413, '18IT337', 24, 8, 2, 5, 4, 1, 3, 0, 3, 5, 4, 3, 10, 5, 4, 1, 1, 1, 5, 1, 1, 4, 2, 1, '2019-12-16 04:21:06', '2019-12-16 16:00:58', 73),
(414, '18IT340', 24, 2, 3, 4, 0, 2, 6, 3, 2, 5, 2, 4, 4, 5, 4, 1, 0, 3, 4, 1, 2, 8, 1, 1, '2019-12-16 04:21:06', '2019-12-16 16:00:58', 66),
(415, '18IT341', 24, 10, 3, 4, 3, 0, 2, 3, 1, 5, 1, 2, 9, 5, 2, 0, 1, 3, 2, 2, 1, 8, 0, 1, '2019-12-16 04:21:06', '2019-12-16 16:00:58', 67),
(416, '18IT342', 24, 8, 1, 4, 3, 1, 6, 6, 4, 5, 4, 5, 10, 4, 3, 0, 0, 3, 5, 1, 0, 8, 0, 1, '2019-12-16 04:21:06', '2019-12-16 16:00:58', 81),
(417, '18IT345', 24, 7, 0, 4, 4, 0, 0, 5, 3, 5, 5, 5, 8, 4, 2, 1, 1, 2, 5, 3, 1, 6, 2, 1, '2019-12-16 04:21:06', '2019-12-16 16:00:58', 73),
(418, '18IT346', 24, 10, 2, 5, 0, 2, 0, 6, 1, 5, 4, 0, 8, 1, 4, 1, 1, 0, 3, 3, 2, 8, 1, 1, '2019-12-16 04:21:06', '2019-12-16 16:00:58', 67),
(419, '18IT347', 24, 7, 2, 4, 1, 2, 3, 5, 1, 0, 5, 5, 6, 3, 2, 1, 1, 4, 5, 1, 1, 7, 1, 1, '2019-12-16 04:21:06', '2019-12-16 16:00:58', 67),
(420, '18IT348', 24, 10, 3, 5, 3, 2, 3, 6, 2, 4, 3, 5, 9, 4, 3, 1, 1, 1, 5, 1, 1, 8, 0, 1, '2019-12-16 04:21:06', '2019-12-16 16:00:58', 80),
(421, '18IT349', 24, 10, 3, 4, 2, 1, 6, 5, 4, 5, 0, 3, 9, 4, 4, 1, 1, 3, 3, 3, 2, 7, 2, 1, '2019-12-16 04:21:06', '2019-12-16 16:00:58', 82),
(422, '18IT350', 24, 5, 2, 5, 4, 1, 3, 3, 4, 0, 5, 1, 10, 3, 3, 1, 1, 3, 5, 2, 1, 8, 1, 1, '2019-12-16 04:21:06', '2019-12-16 16:00:58', 71),
(423, '18IT351', 24, 9, 3, 2, 4, 1, 6, 6, 1, 4, 5, 5, 9, 2, 0, 0, 1, 0, 3, 3, 2, 2, 2, 1, '2019-12-16 04:21:06', '2019-12-16 16:00:58', 70),
(424, '18IT352', 24, 7, 3, 4, 4, 1, 0, 5, 2, 5, 4, 3, 8, 5, 2, 1, 0, 1, 4, 3, 2, 4, 1, 1, '2019-12-16 04:21:06', '2019-12-16 16:00:58', 69),
(425, '18IT354', 24, 10, 2, 2, 0, 2, 6, 3, 4, 1, 5, 4, 10, 1, 2, 1, 0, 0, 3, 1, 0, 8, 1, 1, '2019-12-16 04:21:06', '2019-12-16 16:00:58', 66),
(426, '18IT355', 24, 10, 0, 5, 2, 2, 3, 6, 4, 1, 5, 4, 7, 3, 1, 0, 0, 1, 0, 2, 2, 5, 2, 1, '2019-12-16 04:21:06', '2019-12-16 16:00:59', 65),
(427, '18IT356', 24, 10, 0, 4, 3, 1, 3, 2, 2, 4, 5, 4, 8, 5, 4, 0, 1, 0, 5, 1, 2, 7, 0, 1, '2019-12-16 04:21:06', '2019-12-16 16:00:59', 71),
(428, '18IT359', 24, 8, 2, 5, 2, 2, 0, 6, 2, 5, 4, 2, 7, 4, 2, 0, 1, 3, 2, 3, 2, 8, 0, 1, '2019-12-16 04:21:06', '2019-12-16 16:00:59', 70),
(429, '18IT360', 24, 10, 3, 0, 4, 2, 0, 2, 3, 3, 3, 1, 7, 4, 4, 1, 0, 1, 2, 3, 2, 8, 2, 1, '2019-12-16 04:21:06', '2019-12-16 16:00:59', 65),
(430, '18IT361', 24, 8, 3, 5, 3, 2, 0, 4, 0, 3, 1, 4, 10, 2, 3, 1, 0, 2, 3, 3, 2, 7, 0, 1, '2019-12-16 04:21:06', '2019-12-16 16:00:59', 66),
(431, '18IT362', 24, 10, 2, 5, 4, 0, 3, 4, 2, 3, 4, 3, 6, 0, 3, 0, 0, 3, 3, 2, 2, 7, 1, 1, '2019-12-16 04:21:07', '2019-12-16 16:00:59', 67),
(432, '18IT363', 24, 9, 0, 3, 1, 1, 0, 6, 2, 3, 5, 5, 10, 4, 2, 1, 0, 3, 3, 0, 0, 8, 0, 1, '2019-12-16 04:21:07', '2019-12-16 16:00:59', 66),
(433, '18IT365', 24, 9, 2, 5, 4, 1, 2, 6, 4, 1, 2, 5, 10, 0, 3, 0, 0, 2, 1, 3, 0, 8, 0, 1, '2019-12-16 04:21:07', '2019-12-16 16:00:59', 68),
(434, '18IT262', 25, 7, 3, 4, 1, 0, 3, 6, 4, 3, 3, 4, 3, 4, 3, 1, 1, 2, 4, 3, 1, 4, 2, 1, '2019-12-16 04:22:02', '2019-12-16 16:00:59', 66),
(435, '18IT263', 25, 8, 3, 0, 3, 2, 0, 5, 2, 2, 4, 4, 9, 3, 4, 1, 0, 4, 5, 3, 1, 5, 1, 1, '2019-12-16 04:22:02', '2019-12-16 16:00:59', 69),
(436, '18IT264', 25, 3, 3, 5, 3, 0, 0, 6, 0, 4, 5, 5, 9, 4, 4, 1, 1, 2, 4, 2, 1, 2, 2, 1, '2019-12-16 04:22:02', '2019-12-16 16:00:59', 66),
(437, '18IT265', 25, 0, 0, 0, 0, 0, 0, 0, 0, 0, 0, 0, 0, 0, 0, 0, 0, 0, 0, 0, 0, 0, 0, 0, '2019-12-16 04:22:02', '2019-12-16 16:00:59', 0),
(438, '18IT266', 25, 1, 3, 4, 4, 0, 3, 1, 3, 4, 4, 4, 9, 5, 3, 1, 0, 4, 5, 3, 1, 4, 2, 1, '2019-12-16 04:22:02', '2019-12-16 16:00:59', 68),
(439, '18IT267', 25, 10, 2, 3, 3, 2, 3, 1, 0, 4, 2, 5, 10, 2, 1, 0, 1, 4, 2, 3, 0, 8, 2, 1, '2019-12-16 04:22:02', '2019-12-16 16:00:59', 68),
(440, '18IT268', 25, 7, 3, 3, 2, 1, 3, 6, 2, 0, 4, 4, 7, 1, 4, 0, 1, 1, 3, 1, 2, 8, 2, 1, '2019-12-16 04:22:02', '2019-12-16 16:00:59', 65),
(441, '18IT269', 25, 10, 1, 5, 4, 2, 3, 5, 4, 5, 5, 1, 10, 4, 3, 1, 1, 3, 4, 3, 2, 4, 0, 1, '2019-12-16 04:22:02', '2019-12-16 16:00:59', 80),
(442, '18IT270', 25, 9, 2, 2, 4, 2, 0, 5, 2, 4, 2, 5, 6, 5, 4, 0, 1, 2, 3, 2, 0, 8, 0, 1, '2019-12-16 04:22:02', '2019-12-16 16:00:59', 68),
(443, '18IT271', 25, 10, 3, 4, 1, 1, 6, 1, 1, 1, 5, 2, 7, 5, 4, 1, 0, 2, 1, 3, 2, 3, 2, 1, '2019-12-16 04:22:02', '2019-12-16 16:00:59', 65),
(444, '18IT272', 25, 8, 2, 5, 3, 1, 0, 6, 0, 1, 2, 5, 10, 4, 1, 1, 0, 4, 3, 1, 2, 4, 2, 1, '2019-12-16 04:22:02', '2019-12-16 16:00:59', 65),
(445, '18IT273', 25, 10, 3, 3, 4, 2, 0, 3, 4, 3, 4, 5, 10, 3, 4, 1, 1, 4, 5, 3, 2, 6, 0, 1, '2019-12-16 04:22:02', '2019-12-16 16:00:59', 80),
(446, '18IT274', 25, 8, 3, 5, 1, 2, 0, 0, 3, 4, 2, 5, 10, 5, 0, 0, 0, 4, 2, 3, 1, 6, 1, 1, '2019-12-16 04:22:02', '2019-12-16 16:00:59', 65),
(447, '18IT275', 25, 10, 3, 5, 4, 1, 2, 5, 2, 2, 3, 1, 9, 3, 4, 0, 1, 2, 4, 0, 1, 3, 2, 1, '2019-12-16 04:22:02', '2019-12-16 16:00:59', 67),
(448, '18IT276', 25, 8, 3, 3, 0, 2, 0, 6, 4, 5, 1, 4, 8, 3, 0, 0, 1, 4, 3, 3, 0, 6, 1, 1, '2019-12-16 04:22:02', '2019-12-16 16:00:59', 65),
(449, '18IT277', 25, 6, 1, 3, 2, 2, 6, 0, 4, 3, 3, 5, 9, 3, 3, 1, 1, 2, 4, 2, 0, 6, 0, 1, '2019-12-16 04:22:02', '2019-12-16 16:00:59', 66),
(450, '18IT278', 25, 9, 2, 1, 2, 2, 0, 6, 4, 2, 2, 5, 6, 1, 2, 1, 1, 4, 5, 3, 1, 5, 2, 1, '2019-12-16 04:22:02', '2019-12-16 16:00:59', 66),
(451, '18IT279', 25, 7, 3, 2, 4, 2, 0, 1, 4, 4, 0, 5, 10, 2, 4, 1, 1, 1, 5, 1, 1, 7, 1, 1, '2019-12-16 04:22:02', '2019-12-16 16:00:59', 66),
(452, '18IT280', 25, 7, 3, 0, 4, 0, 6, 3, 4, 0, 4, 5, 6, 4, 2, 0, 1, 4, 5, 1, 0, 5, 2, 1, '2019-12-16 04:22:02', '2019-12-16 16:00:59', 66),
(453, '18IT281', 25, 4, 2, 5, 3, 2, 6, 4, 3, 5, 5, 5, 5, 5, 1, 1, 0, 3, 2, 0, 0, 5, 1, 1, '2019-12-16 04:22:02', '2019-12-16 16:00:59', 67),
(454, '18IT282', 25, 6, 2, 5, 4, 2, 0, 1, 3, 4, 4, 5, 10, 5, 1, 0, 1, 1, 3, 0, 2, 6, 0, 1, '2019-12-16 04:22:02', '2019-12-16 16:00:59', 65),
(455, '18IT283', 25, 10, 2, 4, 3, 0, 6, 2, 1, 3, 3, 3, 6, 5, 3, 1, 1, 2, 3, 0, 0, 5, 2, 1, '2019-12-16 04:22:02', '2019-12-16 16:00:59', 65),
(456, '18IT284', 25, 5, 3, 3, 1, 2, 3, 2, 2, 3, 5, 3, 9, 5, 4, 1, 1, 0, 2, 3, 0, 8, 0, 1, '2019-12-16 04:22:02', '2019-12-16 16:00:59', 65),
(457, '18IT285', 25, 10, 0, 0, 4, 2, 6, 4, 4, 5, 4, 5, 9, 4, 3, 1, 1, 0, 2, 2, 1, 2, 2, 1, '2019-12-16 04:22:02', '2019-12-16 16:00:59', 71),
(458, '18IT286', 25, 0, 0, 0, 0, 0, 0, 0, 0, 0, 0, 0, 0, 0, 0, 0, 0, 0, 0, 0, 0, 0, 0, 0, '2019-12-16 04:22:02', '2019-12-16 16:00:59', 0),
(459, '18IT287', 25, 10, 3, 5, 3, 1, 0, 4, 3, 4, 2, 5, 4, 4, 4, 0, 1, 3, 5, 1, 2, 7, 0, 1, '2019-12-16 04:22:02', '2019-12-16 16:00:59', 71),
(460, '18IT288', 25, 9, 3, 4, 0, 1, 6, 6, 3, 0, 4, 4, 9, 1, 0, 1, 0, 3, 4, 3, 0, 6, 1, 1, '2019-12-16 04:22:02', '2019-12-16 16:00:59', 68),
(461, '18IT289', 25, 8, 3, 2, 4, 2, 0, 5, 4, 0, 5, 5, 10, 3, 2, 0, 1, 4, 4, 2, 1, 5, 2, 1, '2019-12-16 04:22:02', '2019-12-16 16:00:59', 72),
(462, '18IT290', 25, 9, 3, 5, 4, 2, 6, 2, 1, 3, 3, 4, 10, 4, 2, 1, 0, 2, 3, 1, 0, 5, 1, 1, '2019-12-16 04:22:02', '2019-12-16 16:00:59', 71),
(463, '18IT291', 25, 2, 3, 5, 0, 0, 3, 6, 4, 0, 5, 5, 10, 5, 4, 0, 1, 3, 3, 1, 1, 2, 2, 1, '2019-12-16 04:22:02', '2019-12-16 16:00:59', 65),
(464, '18IT292', 25, 10, 1, 5, 4, 2, 0, 5, 2, 4, 4, 3, 8, 2, 4, 1, 0, 3, 2, 3, 0, 6, 1, 1, '2019-12-16 04:22:02', '2019-12-16 16:00:59', 70),
(465, '18IT293', 25, 8, 2, 3, 4, 2, 2, 6, 1, 4, 5, 2, 10, 0, 3, 1, 1, 1, 5, 0, 1, 3, 1, 1, '2019-12-16 04:22:02', '2019-12-16 16:00:59', 65),
(466, '18IT294', 25, 9, 3, 2, 4, 2, 0, 5, 4, 0, 4, 3, 10, 5, 2, 1, 0, 0, 4, 2, 0, 6, 1, 1, '2019-12-16 04:22:02', '2019-12-16 16:00:59', 67),
(467, '18IT295', 25, 9, 0, 3, 3, 2, 6, 2, 2, 4, 1, 1, 10, 4, 4, 0, 1, 1, 4, 1, 1, 7, 0, 1, '2019-12-16 04:22:02', '2019-12-16 16:00:59', 66),
(468, '18IT296', 25, 10, 0, 4, 3, 2, 0, 5, 1, 5, 5, 5, 10, 0, 4, 0, 1, 3, 2, 0, 2, 2, 2, 1, '2019-12-16 04:22:02', '2019-12-16 16:00:59', 66),
(469, '18IT297', 25, 6, 0, 0, 4, 0, 0, 5, 4, 5, 4, 3, 10, 0, 2, 0, 0, 3, 5, 3, 2, 8, 1, 1, '2019-12-16 04:22:02', '2019-12-16 16:00:59', 65),
(470, '18IT298', 25, 9, 1, 5, 3, 2, 2, 5, 3, 5, 0, 5, 5, 4, 0, 1, 1, 0, 4, 1, 0, 7, 2, 1, '2019-12-16 04:22:02', '2019-12-16 16:00:59', 65),
(471, '18IT299', 25, 9, 3, 2, 3, 2, 2, 2, 4, 3, 4, 2, 4, 3, 4, 1, 0, 3, 2, 3, 2, 6, 2, 1, '2019-12-16 04:22:02', '2019-12-16 16:00:59', 66),
(472, '18IT300', 25, 7, 3, 5, 2, 2, 0, 6, 4, 0, 5, 5, 10, 3, 4, 1, 1, 2, 4, 3, 1, 2, 2, 1, '2019-12-16 04:22:02', '2019-12-16 16:00:59', 72),
(473, '18IT301', 25, 10, 2, 4, 0, 1, 2, 4, 2, 5, 3, 3, 9, 5, 3, 0, 0, 3, 3, 3, 0, 2, 2, 1, '2019-12-16 04:22:02', '2019-12-16 16:00:59', 66),
(474, '18IT302', 25, 6, 1, 3, 4, 2, 6, 5, 4, 4, 3, 0, 4, 3, 4, 0, 1, 2, 2, 1, 1, 8, 2, 1, '2019-12-16 04:22:02', '2019-12-16 16:00:59', 66),
(475, '18IT303', 25, 8, 3, 3, 3, 2, 0, 6, 4, 1, 5, 1, 7, 5, 4, 1, 0, 0, 1, 2, 2, 6, 1, 1, '2019-12-16 04:22:03', '2019-12-16 16:00:59', 65),
(476, '18IT304', 25, 10, 2, 3, 3, 1, 6, 5, 2, 2, 2, 5, 3, 2, 4, 0, 0, 3, 2, 3, 0, 7, 1, 1, '2019-12-16 04:22:03', '2019-12-16 16:00:59', 66),
(477, '18IT305', 25, 3, 3, 1, 4, 2, 0, 5, 2, 3, 5, 4, 10, 1, 4, 1, 0, 3, 5, 3, 1, 7, 0, 1, '2019-12-16 04:22:03', '2019-12-16 16:00:59', 67),
(478, '18IT308', 25, 9, 3, 1, 4, 1, 2, 3, 4, 4, 4, 5, 8, 3, 3, 0, 0, 4, 1, 0, 2, 3, 2, 1, '2019-12-16 04:22:03', '2019-12-16 16:00:59', 66),
(479, '18IT309', 25, 10, 3, 5, 1, 2, 6, 4, 1, 5, 5, 5, 5, 3, 0, 1, 1, 0, 4, 2, 2, 3, 0, 1, '2019-12-16 04:22:03', '2019-12-16 16:00:59', 68),
(480, '18IT313', 25, 3, 1, 5, 1, 0, 0, 6, 4, 3, 5, 4, 10, 5, 3, 0, 1, 4, 5, 1, 0, 4, 0, 1, '2019-12-16 04:22:03', '2019-12-16 16:00:59', 65),
(481, '18IT317', 25, 10, 2, 1, 3, 1, 0, 2, 2, 5, 5, 3, 9, 5, 3, 1, 0, 3, 5, 2, 1, 0, 2, 1, '2019-12-16 04:22:03', '2019-12-16 16:00:59', 65),
(482, '18IT318', 25, 10, 1, 4, 3, 1, 0, 4, 2, 5, 3, 4, 5, 4, 2, 1, 0, 2, 5, 2, 2, 8, 0, 1, '2019-12-16 04:22:03', '2019-12-16 16:00:59', 68),
(483, '18IT319', 25, 9, 1, 4, 4, 2, 3, 1, 3, 0, 5, 5, 8, 3, 1, 0, 1, 1, 3, 2, 0, 7, 2, 1, '2019-12-16 04:22:03', '2019-12-16 16:00:59', 65),
(484, '18IT320', 25, 10, 3, 4, 4, 1, 0, 4, 3, 5, 4, 5, 9, 3, 1, 1, 1, 3, 3, 1, 2, 2, 1, 1, '2019-12-16 04:22:03', '2019-12-16 16:00:59', 70),
(485, '18IT321', 25, 5, 3, 4, 4, 2, 0, 1, 4, 5, 2, 5, 8, 4, 4, 0, 1, 3, 3, 0, 1, 8, 0, 1, '2019-12-16 04:22:03', '2019-12-16 16:00:59', 67),
(486, '18IT322', 25, 5, 3, 5, 3, 0, 6, 6, 2, 5, 5, 4, 9, 3, 3, 1, 1, 0, 3, 1, 0, 2, 2, 1, '2019-12-16 04:22:03', '2019-12-16 16:00:59', 69),
(487, '18IT324', 25, 9, 3, 5, 4, 2, 0, 0, 2, 4, 2, 5, 9, 0, 4, 1, 0, 2, 3, 3, 1, 7, 2, 1, '2019-12-16 04:22:03', '2019-12-16 16:00:59', 68),
(488, '18IT325', 25, 9, 1, 5, 3, 2, 6, 6, 1, 5, 3, 5, 10, 5, 4, 1, 1, 2, 5, 0, 2, 5, 0, 1, '2019-12-16 04:22:03', '2019-12-16 16:00:59', 81),
(489, '18IT328', 25, 10, 0, 5, 1, 2, 6, 6, 4, 2, 1, 4, 10, 2, 0, 0, 1, 1, 2, 1, 2, 5, 2, 1, '2019-12-16 04:22:03', '2019-12-16 16:00:59', 67),
(490, '18IT329', 25, 6, 0, 4, 2, 0, 0, 6, 3, 2, 5, 4, 10, 4, 4, 1, 1, 2, 4, 3, 1, 6, 2, 1, '2019-12-16 04:22:03', '2019-12-16 16:00:59', 70),
(491, '18IT332', 25, 10, 1, 1, 4, 2, 3, 6, 4, 3, 5, 3, 6, 4, 3, 1, 1, 1, 3, 3, 1, 1, 2, 1, '2019-12-16 04:22:03', '2019-12-16 16:00:59', 68),
(492, '18IT333', 25, 8, 2, 5, 2, 2, 0, 4, 0, 5, 1, 5, 9, 5, 3, 1, 1, 1, 5, 3, 2, 4, 0, 1, '2019-12-16 04:22:03', '2019-12-16 16:00:59', 68),
(493, '18IT334', 25, 10, 3, 5, 1, 1, 0, 6, 3, 4, 3, 4, 4, 2, 3, 1, 0, 1, 4, 3, 2, 7, 1, 1, '2019-12-16 04:22:03', '2019-12-16 16:00:59', 68),
(494, '18IT335', 25, 10, 2, 5, 2, 2, 3, 4, 3, 5, 2, 4, 9, 5, 2, 1, 1, 2, 5, 3, 2, 7, 2, 1, '2019-12-16 04:22:03', '2019-12-16 16:00:59', 81),
(495, '18IT336', 25, 3, 3, 5, 4, 1, 0, 5, 3, 4, 4, 5, 8, 1, 4, 0, 1, 0, 5, 0, 0, 7, 2, 1, '2019-12-16 04:22:03', '2019-12-16 16:00:59', 65),
(496, '18IT337', 25, 9, 2, 5, 3, 2, 2, 5, 1, 5, 2, 0, 8, 3, 3, 1, 1, 1, 5, 2, 0, 5, 0, 1, '2019-12-16 04:22:03', '2019-12-16 16:00:59', 65),
(497, '18IT340', 25, 10, 3, 5, 0, 0, 2, 3, 3, 3, 2, 3, 6, 5, 4, 1, 0, 2, 4, 2, 1, 7, 0, 1, '2019-12-16 04:22:03', '2019-12-16 16:00:59', 66),
(498, '18IT341', 25, 10, 3, 5, 2, 2, 3, 5, 4, 5, 4, 3, 10, 4, 4, 0, 1, 0, 5, 0, 1, 1, 0, 1, '2019-12-16 04:22:03', '2019-12-16 16:00:59', 72),
(499, '18IT342', 25, 6, 3, 3, 1, 2, 0, 4, 4, 3, 5, 3, 8, 2, 2, 1, 1, 3, 3, 2, 2, 7, 2, 1, '2019-12-16 04:22:03', '2019-12-16 16:00:59', 67),
(500, '18IT345', 25, 6, 3, 3, 3, 2, 2, 5, 0, 2, 4, 4, 6, 3, 3, 0, 1, 2, 5, 3, 2, 6, 1, 1, '2019-12-16 04:22:03', '2019-12-16 16:00:59', 66),
(501, '18IT346', 25, 8, 3, 5, 1, 1, 3, 5, 3, 3, 4, 4, 8, 5, 3, 1, 1, 3, 2, 1, 1, 8, 2, 1, '2019-12-16 04:22:03', '2019-12-16 16:00:59', 75),
(502, '18IT347', 25, 7, 1, 2, 4, 1, 2, 6, 4, 3, 2, 5, 9, 4, 0, 0, 0, 3, 3, 0, 1, 8, 1, 1, '2019-12-16 04:22:03', '2019-12-16 16:00:59', 66),
(503, '18IT348', 25, 4, 2, 4, 1, 2, 0, 5, 4, 5, 5, 5, 5, 4, 3, 1, 0, 4, 4, 0, 2, 7, 0, 1, '2019-12-16 04:22:03', '2019-12-16 16:00:59', 67),
(504, '18IT349', 25, 8, 3, 2, 3, 0, 3, 2, 3, 2, 2, 1, 10, 3, 4, 1, 0, 4, 5, 3, 0, 7, 2, 1, '2019-12-16 04:22:03', '2019-12-16 16:00:59', 68),
(505, '18IT350', 25, 6, 2, 4, 1, 1, 2, 5, 4, 0, 1, 3, 10, 5, 4, 0, 0, 2, 5, 3, 1, 7, 2, 1, '2019-12-16 04:22:03', '2019-12-16 16:00:59', 68),
(506, '18IT351', 25, 7, 1, 2, 4, 1, 3, 4, 3, 5, 4, 1, 9, 4, 0, 0, 1, 4, 5, 0, 2, 6, 0, 1, '2019-12-16 04:22:03', '2019-12-16 16:00:59', 66),
(507, '18IT352', 25, 8, 3, 2, 4, 2, 6, 1, 1, 3, 5, 2, 6, 5, 4, 0, 0, 4, 4, 0, 0, 7, 2, 1, '2019-12-16 04:22:03', '2019-12-16 16:00:59', 69),
(508, '18IT354', 25, 7, 1, 2, 0, 0, 0, 5, 4, 3, 5, 5, 10, 5, 4, 1, 1, 2, 5, 2, 1, 2, 2, 1, '2019-12-16 04:22:03', '2019-12-16 16:00:59', 67),
(509, '18IT355', 25, 10, 2, 3, 3, 2, 3, 4, 4, 3, 2, 4, 9, 2, 4, 1, 1, 1, 4, 2, 1, 3, 2, 1, '2019-12-16 04:22:03', '2019-12-16 16:00:59', 70),
(510, '18IT356', 25, 10, 0, 0, 2, 1, 0, 5, 4, 5, 4, 5, 5, 5, 4, 1, 0, 2, 3, 2, 2, 4, 2, 1, '2019-12-16 04:22:03', '2019-12-16 16:00:59', 66),
(511, '18IT359', 25, 7, 3, 2, 1, 0, 6, 4, 2, 2, 5, 1, 8, 0, 4, 1, 0, 4, 2, 1, 2, 8, 2, 1, '2019-12-16 04:22:03', '2019-12-16 16:00:59', 65),
(512, '18IT360', 25, 6, 3, 5, 2, 2, 2, 6, 4, 5, 4, 5, 7, 2, 4, 1, 0, 0, 5, 2, 0, 1, 1, 1, '2019-12-16 04:22:03', '2019-12-16 16:00:59', 67),
(513, '18IT361', 25, 10, 2, 5, 1, 1, 6, 6, 3, 2, 2, 4, 3, 3, 2, 0, 1, 2, 1, 3, 2, 5, 1, 1, '2019-12-16 04:22:03', '2019-12-16 16:00:59', 65),
(514, '18IT362', 25, 8, 3, 2, 4, 2, 3, 4, 4, 1, 5, 0, 9, 0, 4, 0, 0, 4, 2, 3, 2, 7, 2, 1, '2019-12-16 04:22:03', '2019-12-16 16:00:59', 69),
(515, '18IT363', 25, 8, 3, 5, 3, 2, 2, 5, 3, 0, 3, 3, 10, 3, 2, 1, 1, 2, 1, 3, 1, 5, 0, 1, '2019-12-16 04:22:03', '2019-12-16 16:00:59', 66),
(516, '18IT365', 25, 10, 0, 5, 4, 2, 6, 6, 0, 3, 4, 2, 4, 2, 3, 0, 0, 4, 5, 3, 1, 6, 1, 1, '2019-12-16 04:22:03', '2019-12-16 16:00:59', 71),
(1015, '18IT262', 33, NULL, NULL, NULL, NULL, NULL, NULL, NULL, NULL, NULL, NULL, NULL, NULL, NULL, NULL, NULL, NULL, NULL, NULL, NULL, NULL, NULL, NULL, 0, '2020-01-06 09:15:11', '2020-01-06 09:15:11', 0),
(1016, '18IT263', 33, NULL, NULL, NULL, NULL, NULL, NULL, NULL, NULL, NULL, NULL, NULL, NULL, NULL, NULL, NULL, NULL, NULL, NULL, NULL, NULL, NULL, NULL, 0, '2020-01-06 09:15:11', '2020-01-06 09:15:11', 0),
(1017, '18IT264', 33, NULL, NULL, NULL, NULL, NULL, NULL, NULL, NULL, NULL, NULL, NULL, NULL, NULL, NULL, NULL, NULL, NULL, NULL, NULL, NULL, NULL, NULL, 0, '2020-01-06 09:15:11', '2020-01-06 09:15:11', 0),
(1018, '18IT265', 33, NULL, NULL, NULL, NULL, NULL, NULL, NULL, NULL, NULL, NULL, NULL, NULL, NULL, NULL, NULL, NULL, NULL, NULL, NULL, NULL, NULL, NULL, 0, '2020-01-06 09:15:11', '2020-01-06 09:15:11', 0),
(1019, '18IT266', 33, NULL, NULL, NULL, NULL, NULL, NULL, NULL, NULL, NULL, NULL, NULL, NULL, NULL, NULL, NULL, NULL, NULL, NULL, NULL, NULL, NULL, NULL, 0, '2020-01-06 09:15:11', '2020-01-06 09:15:11', 0),
(1020, '18IT267', 33, NULL, NULL, NULL, NULL, NULL, NULL, NULL, NULL, NULL, NULL, NULL, NULL, NULL, NULL, NULL, NULL, NULL, NULL, NULL, NULL, NULL, NULL, 0, '2020-01-06 09:15:11', '2020-01-06 09:15:11', 0),
(1021, '18IT268', 33, NULL, NULL, NULL, NULL, NULL, NULL, NULL, NULL, NULL, NULL, NULL, NULL, NULL, NULL, NULL, NULL, NULL, NULL, NULL, NULL, NULL, NULL, 0, '2020-01-06 09:15:11', '2020-01-06 09:15:11', 0),
(1022, '18IT269', 33, NULL, NULL, NULL, NULL, NULL, NULL, NULL, NULL, NULL, NULL, NULL, NULL, NULL, NULL, NULL, NULL, NULL, NULL, NULL, NULL, NULL, NULL, 0, '2020-01-06 09:15:11', '2020-01-06 09:15:11', 0),
(1023, '18IT270', 33, NULL, NULL, NULL, NULL, NULL, NULL, NULL, NULL, NULL, NULL, NULL, NULL, NULL, NULL, NULL, NULL, NULL, NULL, NULL, NULL, NULL, NULL, 0, '2020-01-06 09:15:11', '2020-01-06 09:15:11', 0),
(1024, '18IT271', 33, NULL, NULL, NULL, NULL, NULL, NULL, NULL, NULL, NULL, NULL, NULL, NULL, NULL, NULL, NULL, NULL, NULL, NULL, NULL, NULL, NULL, NULL, 0, '2020-01-06 09:15:11', '2020-01-06 09:15:11', 0),
(1025, '18IT272', 33, NULL, NULL, NULL, NULL, NULL, NULL, NULL, NULL, NULL, NULL, NULL, NULL, NULL, NULL, NULL, NULL, NULL, NULL, NULL, NULL, NULL, NULL, 0, '2020-01-06 09:15:11', '2020-01-06 09:15:11', 0),
(1026, '18IT273', 33, NULL, NULL, NULL, NULL, NULL, NULL, NULL, NULL, NULL, NULL, NULL, NULL, NULL, NULL, NULL, NULL, NULL, NULL, NULL, NULL, NULL, NULL, 0, '2020-01-06 09:15:11', '2020-01-06 09:15:11', 0),
(1027, '18IT274', 33, NULL, NULL, NULL, NULL, NULL, NULL, NULL, NULL, NULL, NULL, NULL, NULL, NULL, NULL, NULL, NULL, NULL, NULL, NULL, NULL, NULL, NULL, 0, '2020-01-06 09:15:11', '2020-01-06 09:15:11', 0),
(1028, '18IT275', 33, NULL, NULL, NULL, NULL, NULL, NULL, NULL, NULL, NULL, NULL, NULL, NULL, NULL, NULL, NULL, NULL, NULL, NULL, NULL, NULL, NULL, NULL, 0, '2020-01-06 09:15:11', '2020-01-06 09:15:11', 0),
(1029, '18IT276', 33, NULL, NULL, NULL, NULL, NULL, NULL, NULL, NULL, NULL, NULL, NULL, NULL, NULL, NULL, NULL, NULL, NULL, NULL, NULL, NULL, NULL, NULL, 0, '2020-01-06 09:15:11', '2020-01-06 09:15:11', 0),
(1030, '18IT277', 33, NULL, NULL, NULL, NULL, NULL, NULL, NULL, NULL, NULL, NULL, NULL, NULL, NULL, NULL, NULL, NULL, NULL, NULL, NULL, NULL, NULL, NULL, 0, '2020-01-06 09:15:11', '2020-01-06 09:15:11', 0),
(1031, '18IT278', 33, NULL, NULL, NULL, NULL, NULL, NULL, NULL, NULL, NULL, NULL, NULL, NULL, NULL, NULL, NULL, NULL, NULL, NULL, NULL, NULL, NULL, NULL, 0, '2020-01-06 09:15:11', '2020-01-06 09:15:11', 0),
(1032, '18IT279', 33, NULL, NULL, NULL, NULL, NULL, NULL, NULL, NULL, NULL, NULL, NULL, NULL, NULL, NULL, NULL, NULL, NULL, NULL, NULL, NULL, NULL, NULL, 0, '2020-01-06 09:15:11', '2020-01-06 09:15:11', 0),
(1033, '18IT280', 33, NULL, NULL, NULL, NULL, NULL, NULL, NULL, NULL, NULL, NULL, NULL, NULL, NULL, NULL, NULL, NULL, NULL, NULL, NULL, NULL, NULL, NULL, 0, '2020-01-06 09:15:11', '2020-01-06 09:15:11', 0),
(1034, '18IT281', 33, NULL, NULL, NULL, NULL, NULL, NULL, NULL, NULL, NULL, NULL, NULL, NULL, NULL, NULL, NULL, NULL, NULL, NULL, NULL, NULL, NULL, NULL, 0, '2020-01-06 09:15:11', '2020-01-06 09:15:11', 0),
(1035, '18IT282', 33, NULL, NULL, NULL, NULL, NULL, NULL, NULL, NULL, NULL, NULL, NULL, NULL, NULL, NULL, NULL, NULL, NULL, NULL, NULL, NULL, NULL, NULL, 0, '2020-01-06 09:15:11', '2020-01-06 09:15:11', 0),
(1036, '18IT283', 33, NULL, NULL, NULL, NULL, NULL, NULL, NULL, NULL, NULL, NULL, NULL, NULL, NULL, NULL, NULL, NULL, NULL, NULL, NULL, NULL, NULL, NULL, 0, '2020-01-06 09:15:11', '2020-01-06 09:15:11', 0),
(1037, '18IT284', 33, NULL, NULL, NULL, NULL, NULL, NULL, NULL, NULL, NULL, NULL, NULL, NULL, NULL, NULL, NULL, NULL, NULL, NULL, NULL, NULL, NULL, NULL, 0, '2020-01-06 09:15:11', '2020-01-06 09:15:11', 0),
(1038, '18IT285', 33, NULL, NULL, NULL, NULL, NULL, NULL, NULL, NULL, NULL, NULL, NULL, NULL, NULL, NULL, NULL, NULL, NULL, NULL, NULL, NULL, NULL, NULL, 0, '2020-01-06 09:15:11', '2020-01-06 09:15:11', 0),
(1039, '18IT286', 33, NULL, NULL, NULL, NULL, NULL, NULL, NULL, NULL, NULL, NULL, NULL, NULL, NULL, NULL, NULL, NULL, NULL, NULL, NULL, NULL, NULL, NULL, 0, '2020-01-06 09:15:11', '2020-01-06 09:15:11', 0),
(1040, '18IT287', 33, NULL, NULL, NULL, NULL, NULL, NULL, NULL, NULL, NULL, NULL, NULL, NULL, NULL, NULL, NULL, NULL, NULL, NULL, NULL, NULL, NULL, NULL, 0, '2020-01-06 09:15:11', '2020-01-06 09:15:11', 0),
(1041, '18IT288', 33, NULL, NULL, NULL, NULL, NULL, NULL, NULL, NULL, NULL, NULL, NULL, NULL, NULL, NULL, NULL, NULL, NULL, NULL, NULL, NULL, NULL, NULL, 0, '2020-01-06 09:15:11', '2020-01-06 09:15:11', 0),
(1042, '18IT289', 33, NULL, NULL, NULL, NULL, NULL, NULL, NULL, NULL, NULL, NULL, NULL, NULL, NULL, NULL, NULL, NULL, NULL, NULL, NULL, NULL, NULL, NULL, 0, '2020-01-06 09:15:11', '2020-01-06 09:15:11', 0),
(1043, '18IT290', 33, NULL, NULL, NULL, NULL, NULL, NULL, NULL, NULL, NULL, NULL, NULL, NULL, NULL, NULL, NULL, NULL, NULL, NULL, NULL, NULL, NULL, NULL, 0, '2020-01-06 09:15:11', '2020-01-06 09:15:11', 0),
(1044, '18IT291', 33, NULL, NULL, NULL, NULL, NULL, NULL, NULL, NULL, NULL, NULL, NULL, NULL, NULL, NULL, NULL, NULL, NULL, NULL, NULL, NULL, NULL, NULL, 0, '2020-01-06 09:15:11', '2020-01-06 09:15:11', 0),
(1045, '18IT292', 33, NULL, NULL, NULL, NULL, NULL, NULL, NULL, NULL, NULL, NULL, NULL, NULL, NULL, NULL, NULL, NULL, NULL, NULL, NULL, NULL, NULL, NULL, 0, '2020-01-06 09:15:11', '2020-01-06 09:15:11', 0),
(1046, '18IT293', 33, NULL, NULL, NULL, NULL, NULL, NULL, NULL, NULL, NULL, NULL, NULL, NULL, NULL, NULL, NULL, NULL, NULL, NULL, NULL, NULL, NULL, NULL, 0, '2020-01-06 09:15:11', '2020-01-06 09:15:11', 0),
(1047, '18IT294', 33, NULL, NULL, NULL, NULL, NULL, NULL, NULL, NULL, NULL, NULL, NULL, NULL, NULL, NULL, NULL, NULL, NULL, NULL, NULL, NULL, NULL, NULL, 0, '2020-01-06 09:15:11', '2020-01-06 09:15:11', 0),
(1048, '18IT295', 33, NULL, NULL, NULL, NULL, NULL, NULL, NULL, NULL, NULL, NULL, NULL, NULL, NULL, NULL, NULL, NULL, NULL, NULL, NULL, NULL, NULL, NULL, 0, '2020-01-06 09:15:11', '2020-01-06 09:15:11', 0),
(1049, '18IT296', 33, NULL, NULL, NULL, NULL, NULL, NULL, NULL, NULL, NULL, NULL, NULL, NULL, NULL, NULL, NULL, NULL, NULL, NULL, NULL, NULL, NULL, NULL, 0, '2020-01-06 09:15:11', '2020-01-06 09:15:11', 0),
(1050, '18IT297', 33, NULL, NULL, NULL, NULL, NULL, NULL, NULL, NULL, NULL, NULL, NULL, NULL, NULL, NULL, NULL, NULL, NULL, NULL, NULL, NULL, NULL, NULL, 0, '2020-01-06 09:15:11', '2020-01-06 09:15:11', 0),
(1051, '18IT298', 33, NULL, NULL, NULL, NULL, NULL, NULL, NULL, NULL, NULL, NULL, NULL, NULL, NULL, NULL, NULL, NULL, NULL, NULL, NULL, NULL, NULL, NULL, 0, '2020-01-06 09:15:11', '2020-01-06 09:15:11', 0),
(1052, '18IT299', 33, NULL, NULL, NULL, NULL, NULL, NULL, NULL, NULL, NULL, NULL, NULL, NULL, NULL, NULL, NULL, NULL, NULL, NULL, NULL, NULL, NULL, NULL, 0, '2020-01-06 09:15:11', '2020-01-06 09:15:11', 0),
(1053, '18IT300', 33, NULL, NULL, NULL, NULL, NULL, NULL, NULL, NULL, NULL, NULL, NULL, NULL, NULL, NULL, NULL, NULL, NULL, NULL, NULL, NULL, NULL, NULL, 0, '2020-01-06 09:15:11', '2020-01-06 09:15:11', 0),
(1054, '18IT301', 33, NULL, NULL, NULL, NULL, NULL, NULL, NULL, NULL, NULL, NULL, NULL, NULL, NULL, NULL, NULL, NULL, NULL, NULL, NULL, NULL, NULL, NULL, 0, '2020-01-06 09:15:11', '2020-01-06 09:15:11', 0),
(1055, '18IT302', 33, NULL, NULL, NULL, NULL, NULL, NULL, NULL, NULL, NULL, NULL, NULL, NULL, NULL, NULL, NULL, NULL, NULL, NULL, NULL, NULL, NULL, NULL, 0, '2020-01-06 09:15:11', '2020-01-06 09:15:11', 0),
(1056, '18IT303', 33, NULL, NULL, NULL, NULL, NULL, NULL, NULL, NULL, NULL, NULL, NULL, NULL, NULL, NULL, NULL, NULL, NULL, NULL, NULL, NULL, NULL, NULL, 0, '2020-01-06 09:15:11', '2020-01-06 09:15:11', 0),
(1057, '18IT304', 33, NULL, NULL, NULL, NULL, NULL, NULL, NULL, NULL, NULL, NULL, NULL, NULL, NULL, NULL, NULL, NULL, NULL, NULL, NULL, NULL, NULL, NULL, 0, '2020-01-06 09:15:11', '2020-01-06 09:15:11', 0),
(1058, '18IT305', 33, NULL, NULL, NULL, NULL, NULL, NULL, NULL, NULL, NULL, NULL, NULL, NULL, NULL, NULL, NULL, NULL, NULL, NULL, NULL, NULL, NULL, NULL, 0, '2020-01-06 09:15:11', '2020-01-06 09:15:11', 0),
(1059, '18IT308', 33, NULL, NULL, NULL, NULL, NULL, NULL, NULL, NULL, NULL, NULL, NULL, NULL, NULL, NULL, NULL, NULL, NULL, NULL, NULL, NULL, NULL, NULL, 0, '2020-01-06 09:15:11', '2020-01-06 09:15:11', 0),
(1060, '18IT309', 33, NULL, NULL, NULL, NULL, NULL, NULL, NULL, NULL, NULL, NULL, NULL, NULL, NULL, NULL, NULL, NULL, NULL, NULL, NULL, NULL, NULL, NULL, 0, '2020-01-06 09:15:11', '2020-01-06 09:15:11', 0),
(1061, '18IT313', 33, NULL, NULL, NULL, NULL, NULL, NULL, NULL, NULL, NULL, NULL, NULL, NULL, NULL, NULL, NULL, NULL, NULL, NULL, NULL, NULL, NULL, NULL, 0, '2020-01-06 09:15:11', '2020-01-06 09:15:11', 0),
(1062, '18IT317', 33, NULL, NULL, NULL, NULL, NULL, NULL, NULL, NULL, NULL, NULL, NULL, NULL, NULL, NULL, NULL, NULL, NULL, NULL, NULL, NULL, NULL, NULL, 0, '2020-01-06 09:15:11', '2020-01-06 09:15:11', 0),
(1063, '18IT318', 33, NULL, NULL, NULL, NULL, NULL, NULL, NULL, NULL, NULL, NULL, NULL, NULL, NULL, NULL, NULL, NULL, NULL, NULL, NULL, NULL, NULL, NULL, 0, '2020-01-06 09:15:11', '2020-01-06 09:15:11', 0),
(1064, '18IT319', 33, NULL, NULL, NULL, NULL, NULL, NULL, NULL, NULL, NULL, NULL, NULL, NULL, NULL, NULL, NULL, NULL, NULL, NULL, NULL, NULL, NULL, NULL, 0, '2020-01-06 09:15:11', '2020-01-06 09:15:11', 0),
(1065, '18IT320', 33, NULL, NULL, NULL, NULL, NULL, NULL, NULL, NULL, NULL, NULL, NULL, NULL, NULL, NULL, NULL, NULL, NULL, NULL, NULL, NULL, NULL, NULL, 0, '2020-01-06 09:15:11', '2020-01-06 09:15:11', 0),
(1066, '18IT321', 33, NULL, NULL, NULL, NULL, NULL, NULL, NULL, NULL, NULL, NULL, NULL, NULL, NULL, NULL, NULL, NULL, NULL, NULL, NULL, NULL, NULL, NULL, 0, '2020-01-06 09:15:11', '2020-01-06 09:15:11', 0),
(1067, '18IT322', 33, NULL, NULL, NULL, NULL, NULL, NULL, NULL, NULL, NULL, NULL, NULL, NULL, NULL, NULL, NULL, NULL, NULL, NULL, NULL, NULL, NULL, NULL, 0, '2020-01-06 09:15:11', '2020-01-06 09:15:11', 0),
(1068, '18IT324', 33, NULL, NULL, NULL, NULL, NULL, NULL, NULL, NULL, NULL, NULL, NULL, NULL, NULL, NULL, NULL, NULL, NULL, NULL, NULL, NULL, NULL, NULL, 0, '2020-01-06 09:15:11', '2020-01-06 09:15:11', 0),
(1069, '18IT325', 33, NULL, NULL, NULL, NULL, NULL, NULL, NULL, NULL, NULL, NULL, NULL, NULL, NULL, NULL, NULL, NULL, NULL, NULL, NULL, NULL, NULL, NULL, 0, '2020-01-06 09:15:11', '2020-01-06 09:15:11', 0),
(1070, '18IT328', 33, NULL, NULL, NULL, NULL, NULL, NULL, NULL, NULL, NULL, NULL, NULL, NULL, NULL, NULL, NULL, NULL, NULL, NULL, NULL, NULL, NULL, NULL, 0, '2020-01-06 09:15:11', '2020-01-06 09:15:11', 0),
(1071, '18IT329', 33, NULL, NULL, NULL, NULL, NULL, NULL, NULL, NULL, NULL, NULL, NULL, NULL, NULL, NULL, NULL, NULL, NULL, NULL, NULL, NULL, NULL, NULL, 0, '2020-01-06 09:15:11', '2020-01-06 09:15:11', 0),
(1072, '18IT332', 33, NULL, NULL, NULL, NULL, NULL, NULL, NULL, NULL, NULL, NULL, NULL, NULL, NULL, NULL, NULL, NULL, NULL, NULL, NULL, NULL, NULL, NULL, 0, '2020-01-06 09:15:11', '2020-01-06 09:15:11', 0),
(1073, '18IT333', 33, NULL, NULL, NULL, NULL, NULL, NULL, NULL, NULL, NULL, NULL, NULL, NULL, NULL, NULL, NULL, NULL, NULL, NULL, NULL, NULL, NULL, NULL, 0, '2020-01-06 09:15:11', '2020-01-06 09:15:11', 0),
(1074, '18IT334', 33, NULL, NULL, NULL, NULL, NULL, NULL, NULL, NULL, NULL, NULL, NULL, NULL, NULL, NULL, NULL, NULL, NULL, NULL, NULL, NULL, NULL, NULL, 0, '2020-01-06 09:15:11', '2020-01-06 09:15:11', 0),
(1075, '18IT335', 33, NULL, NULL, NULL, NULL, NULL, NULL, NULL, NULL, NULL, NULL, NULL, NULL, NULL, NULL, NULL, NULL, NULL, NULL, NULL, NULL, NULL, NULL, 0, '2020-01-06 09:15:11', '2020-01-06 09:15:11', 0),
(1076, '18IT336', 33, NULL, NULL, NULL, NULL, NULL, NULL, NULL, NULL, NULL, NULL, NULL, NULL, NULL, NULL, NULL, NULL, NULL, NULL, NULL, NULL, NULL, NULL, 0, '2020-01-06 09:15:11', '2020-01-06 09:15:11', 0),
(1077, '18IT337', 33, NULL, NULL, NULL, NULL, NULL, NULL, NULL, NULL, NULL, NULL, NULL, NULL, NULL, NULL, NULL, NULL, NULL, NULL, NULL, NULL, NULL, NULL, 0, '2020-01-06 09:15:11', '2020-01-06 09:15:11', 0),
(1078, '18IT340', 33, NULL, NULL, NULL, NULL, NULL, NULL, NULL, NULL, NULL, NULL, NULL, NULL, NULL, NULL, NULL, NULL, NULL, NULL, NULL, NULL, NULL, NULL, 0, '2020-01-06 09:15:11', '2020-01-06 09:15:11', 0),
(1079, '18IT341', 33, NULL, NULL, NULL, NULL, NULL, NULL, NULL, NULL, NULL, NULL, NULL, NULL, NULL, NULL, NULL, NULL, NULL, NULL, NULL, NULL, NULL, NULL, 0, '2020-01-06 09:15:11', '2020-01-06 09:15:11', 0),
(1080, '18IT342', 33, NULL, NULL, NULL, NULL, NULL, NULL, NULL, NULL, NULL, NULL, NULL, NULL, NULL, NULL, NULL, NULL, NULL, NULL, NULL, NULL, NULL, NULL, 0, '2020-01-06 09:15:11', '2020-01-06 09:15:11', 0),
(1081, '18IT345', 33, NULL, NULL, NULL, NULL, NULL, NULL, NULL, NULL, NULL, NULL, NULL, NULL, NULL, NULL, NULL, NULL, NULL, NULL, NULL, NULL, NULL, NULL, 0, '2020-01-06 09:15:11', '2020-01-06 09:15:11', 0),
(1082, '18IT346', 33, NULL, NULL, NULL, NULL, NULL, NULL, NULL, NULL, NULL, NULL, NULL, NULL, NULL, NULL, NULL, NULL, NULL, NULL, NULL, NULL, NULL, NULL, 0, '2020-01-06 09:15:11', '2020-01-06 09:15:11', 0),
(1083, '18IT347', 33, NULL, NULL, NULL, NULL, NULL, NULL, NULL, NULL, NULL, NULL, NULL, NULL, NULL, NULL, NULL, NULL, NULL, NULL, NULL, NULL, NULL, NULL, 0, '2020-01-06 09:15:11', '2020-01-06 09:15:11', 0),
(1084, '18IT348', 33, NULL, NULL, NULL, NULL, NULL, NULL, NULL, NULL, NULL, NULL, NULL, NULL, NULL, NULL, NULL, NULL, NULL, NULL, NULL, NULL, NULL, NULL, 0, '2020-01-06 09:15:11', '2020-01-06 09:15:11', 0),
(1085, '18IT349', 33, NULL, NULL, NULL, NULL, NULL, NULL, NULL, NULL, NULL, NULL, NULL, NULL, NULL, NULL, NULL, NULL, NULL, NULL, NULL, NULL, NULL, NULL, 0, '2020-01-06 09:15:11', '2020-01-06 09:15:11', 0),
(1086, '18IT350', 33, NULL, NULL, NULL, NULL, NULL, NULL, NULL, NULL, NULL, NULL, NULL, NULL, NULL, NULL, NULL, NULL, NULL, NULL, NULL, NULL, NULL, NULL, 0, '2020-01-06 09:15:11', '2020-01-06 09:15:11', 0),
(1087, '18IT351', 33, NULL, NULL, NULL, NULL, NULL, NULL, NULL, NULL, NULL, NULL, NULL, NULL, NULL, NULL, NULL, NULL, NULL, NULL, NULL, NULL, NULL, NULL, 0, '2020-01-06 09:15:11', '2020-01-06 09:15:11', 0),
(1088, '18IT352', 33, NULL, NULL, NULL, NULL, NULL, NULL, NULL, NULL, NULL, NULL, NULL, NULL, NULL, NULL, NULL, NULL, NULL, NULL, NULL, NULL, NULL, NULL, 0, '2020-01-06 09:15:11', '2020-01-06 09:15:11', 0),
(1089, '18IT354', 33, NULL, NULL, NULL, NULL, NULL, NULL, NULL, NULL, NULL, NULL, NULL, NULL, NULL, NULL, NULL, NULL, NULL, NULL, NULL, NULL, NULL, NULL, 0, '2020-01-06 09:15:11', '2020-01-06 09:15:11', 0),
(1090, '18IT355', 33, NULL, NULL, NULL, NULL, NULL, NULL, NULL, NULL, NULL, NULL, NULL, NULL, NULL, NULL, NULL, NULL, NULL, NULL, NULL, NULL, NULL, NULL, 0, '2020-01-06 09:15:11', '2020-01-06 09:15:11', 0),
(1091, '18IT356', 33, NULL, NULL, NULL, NULL, NULL, NULL, NULL, NULL, NULL, NULL, NULL, NULL, NULL, NULL, NULL, NULL, NULL, NULL, NULL, NULL, NULL, NULL, 0, '2020-01-06 09:15:11', '2020-01-06 09:15:11', 0),
(1092, '18IT359', 33, NULL, NULL, NULL, NULL, NULL, NULL, NULL, NULL, NULL, NULL, NULL, NULL, NULL, NULL, NULL, NULL, NULL, NULL, NULL, NULL, NULL, NULL, 0, '2020-01-06 09:15:11', '2020-01-06 09:15:11', 0),
(1093, '18IT360', 33, NULL, NULL, NULL, NULL, NULL, NULL, NULL, NULL, NULL, NULL, NULL, NULL, NULL, NULL, NULL, NULL, NULL, NULL, NULL, NULL, NULL, NULL, 0, '2020-01-06 09:15:11', '2020-01-06 09:15:11', 0),
(1094, '18IT361', 33, NULL, NULL, NULL, NULL, NULL, NULL, NULL, NULL, NULL, NULL, NULL, NULL, NULL, NULL, NULL, NULL, NULL, NULL, NULL, NULL, NULL, NULL, 0, '2020-01-06 09:15:11', '2020-01-06 09:15:11', 0),
(1095, '18IT362', 33, NULL, NULL, NULL, NULL, NULL, NULL, NULL, NULL, NULL, NULL, NULL, NULL, NULL, NULL, NULL, NULL, NULL, NULL, NULL, NULL, NULL, NULL, 0, '2020-01-06 09:15:11', '2020-01-06 09:15:11', 0),
(1096, '18IT363', 33, NULL, NULL, NULL, NULL, NULL, NULL, NULL, NULL, NULL, NULL, NULL, NULL, NULL, NULL, NULL, NULL, NULL, NULL, NULL, NULL, NULL, NULL, 0, '2020-01-06 09:15:11', '2020-01-06 09:15:11', 0),
(1097, '18IT365', 33, NULL, NULL, NULL, NULL, NULL, NULL, NULL, NULL, NULL, NULL, NULL, NULL, NULL, NULL, NULL, NULL, NULL, NULL, NULL, NULL, NULL, NULL, 0, '2020-01-06 09:15:11', '2020-01-06 09:15:11', 0),
(1098, '19IT001', 33, NULL, NULL, NULL, NULL, NULL, 0, NULL, NULL, NULL, NULL, NULL, NULL, NULL, NULL, NULL, NULL, NULL, NULL, NULL, NULL, NULL, NULL, 0, '2020-01-06 09:15:11', '2020-01-06 09:34:55', 0),
(1099, '19IT002', 33, NULL, NULL, NULL, NULL, NULL, NULL, NULL, NULL, NULL, NULL, NULL, NULL, NULL, NULL, NULL, NULL, NULL, NULL, NULL, NULL, NULL, NULL, 0, '2020-01-06 09:15:11', '2020-01-06 09:15:11', 0),
(1100, '19IT003', 33, NULL, NULL, NULL, NULL, NULL, NULL, NULL, NULL, NULL, NULL, NULL, NULL, NULL, NULL, NULL, NULL, NULL, NULL, NULL, NULL, NULL, NULL, 0, '2020-01-06 09:15:11', '2020-01-06 09:15:11', 0),
(1101, '19IT006', 33, NULL, NULL, NULL, NULL, NULL, NULL, NULL, NULL, NULL, NULL, NULL, NULL, NULL, NULL, NULL, NULL, NULL, NULL, NULL, NULL, NULL, NULL, 0, '2020-01-06 09:15:11', '2020-01-06 09:15:11', 0),
(1102, '19IT007', 33, NULL, NULL, NULL, NULL, NULL, NULL, NULL, NULL, NULL, NULL, NULL, NULL, NULL, NULL, NULL, NULL, NULL, NULL, NULL, NULL, NULL, NULL, 0, '2020-01-06 09:15:11', '2020-01-06 09:15:11', 0),
(1103, '19IT008', 33, NULL, NULL, NULL, NULL, NULL, NULL, NULL, NULL, NULL, NULL, NULL, NULL, NULL, NULL, NULL, NULL, NULL, NULL, NULL, NULL, NULL, NULL, 0, '2020-01-06 09:15:11', '2020-01-06 09:15:11', 0),
(1104, '19IT009', 33, NULL, NULL, NULL, NULL, NULL, NULL, NULL, NULL, NULL, NULL, NULL, NULL, NULL, NULL, NULL, NULL, NULL, NULL, NULL, NULL, NULL, NULL, 0, '2020-01-06 09:15:11', '2020-01-06 09:15:11', 0),
(1105, '19IT010', 33, NULL, NULL, NULL, NULL, NULL, NULL, NULL, NULL, NULL, NULL, NULL, NULL, NULL, NULL, NULL, NULL, NULL, NULL, NULL, NULL, NULL, NULL, 0, '2020-01-06 09:15:11', '2020-01-06 09:15:11', 0),
(1106, '19IT011', 33, NULL, NULL, NULL, NULL, NULL, NULL, NULL, NULL, NULL, NULL, NULL, NULL, NULL, NULL, NULL, NULL, NULL, NULL, NULL, NULL, NULL, NULL, 0, '2020-01-06 09:15:11', '2020-01-06 09:15:11', 0),
(1107, '19IT012', 33, NULL, NULL, NULL, NULL, NULL, NULL, NULL, NULL, NULL, NULL, NULL, NULL, NULL, NULL, NULL, NULL, NULL, NULL, NULL, NULL, NULL, NULL, 0, '2020-01-06 09:15:11', '2020-01-06 09:15:11', 0),
(1108, '19IT013', 33, NULL, NULL, NULL, NULL, NULL, NULL, NULL, NULL, NULL, NULL, NULL, NULL, NULL, NULL, NULL, NULL, NULL, NULL, NULL, NULL, NULL, NULL, 0, '2020-01-06 09:15:11', '2020-01-06 09:15:11', 0),
(1109, '19IT014', 33, NULL, NULL, NULL, NULL, NULL, NULL, NULL, NULL, NULL, NULL, NULL, NULL, NULL, NULL, NULL, NULL, NULL, NULL, NULL, NULL, NULL, NULL, 0, '2020-01-06 09:15:11', '2020-01-06 09:15:11', 0),
(1110, '19IT016', 33, NULL, NULL, NULL, NULL, NULL, NULL, NULL, NULL, NULL, NULL, NULL, NULL, NULL, NULL, NULL, NULL, NULL, NULL, NULL, NULL, NULL, NULL, 0, '2020-01-06 09:15:11', '2020-01-06 09:15:11', 0),
(1111, '19IT017', 33, NULL, NULL, NULL, NULL, NULL, NULL, NULL, NULL, NULL, NULL, NULL, NULL, NULL, NULL, NULL, NULL, NULL, NULL, NULL, NULL, NULL, NULL, 0, '2020-01-06 09:15:11', '2020-01-06 09:15:11', 0),
(1112, '19IT018', 33, NULL, NULL, NULL, NULL, NULL, NULL, NULL, NULL, NULL, NULL, NULL, NULL, NULL, NULL, NULL, NULL, NULL, NULL, NULL, NULL, NULL, NULL, 0, '2020-01-06 09:15:11', '2020-01-06 09:15:11', 0),
(1113, '19IT019', 33, NULL, NULL, NULL, NULL, NULL, NULL, NULL, NULL, NULL, NULL, NULL, NULL, NULL, NULL, NULL, NULL, NULL, NULL, NULL, NULL, NULL, NULL, 0, '2020-01-06 09:15:11', '2020-01-06 09:15:11', 0),
(1114, '19IT020', 33, NULL, NULL, NULL, NULL, NULL, NULL, NULL, NULL, NULL, NULL, NULL, NULL, NULL, NULL, NULL, NULL, NULL, NULL, NULL, NULL, NULL, NULL, 0, '2020-01-06 09:15:11', '2020-01-06 09:15:11', 0),
(1115, '19IT021', 33, NULL, NULL, NULL, NULL, NULL, NULL, NULL, NULL, NULL, NULL, NULL, NULL, NULL, NULL, NULL, NULL, NULL, NULL, NULL, NULL, NULL, NULL, 0, '2020-01-06 09:15:11', '2020-01-06 09:15:11', 0),
(1116, '19IT022', 33, NULL, NULL, NULL, NULL, NULL, 0, NULL, NULL, NULL, NULL, NULL, NULL, NULL, NULL, NULL, NULL, NULL, NULL, NULL, NULL, NULL, NULL, 0, '2020-01-06 09:15:11', '2020-01-06 09:30:44', 0),
(1117, '19IT023', 33, NULL, NULL, NULL, NULL, NULL, NULL, NULL, NULL, NULL, NULL, NULL, NULL, NULL, NULL, NULL, NULL, NULL, NULL, NULL, NULL, NULL, NULL, 0, '2020-01-06 09:15:11', '2020-01-06 09:15:11', 0),
(1118, '19IT025', 33, NULL, NULL, NULL, NULL, NULL, NULL, NULL, NULL, NULL, NULL, NULL, NULL, NULL, NULL, NULL, NULL, NULL, NULL, NULL, NULL, NULL, NULL, 0, '2020-01-06 09:15:11', '2020-01-06 09:15:11', 0),
(1119, '19IT026', 33, NULL, NULL, NULL, NULL, NULL, NULL, NULL, NULL, NULL, NULL, NULL, NULL, NULL, NULL, NULL, NULL, NULL, NULL, NULL, NULL, NULL, NULL, 0, '2020-01-06 09:15:11', '2020-01-06 09:15:11', 0),
(1120, '19IT027', 33, NULL, NULL, NULL, NULL, NULL, NULL, NULL, NULL, NULL, NULL, NULL, NULL, NULL, NULL, NULL, NULL, NULL, NULL, NULL, NULL, NULL, NULL, 0, '2020-01-06 09:15:11', '2020-01-06 09:15:11', 0),
(1121, '19IT028', 33, NULL, NULL, NULL, NULL, NULL, NULL, NULL, NULL, NULL, NULL, NULL, NULL, NULL, NULL, NULL, NULL, NULL, NULL, NULL, NULL, NULL, NULL, 0, '2020-01-06 09:15:11', '2020-01-06 09:15:11', 0),
(1122, '19IT030', 33, NULL, NULL, NULL, NULL, NULL, NULL, NULL, NULL, NULL, NULL, NULL, NULL, NULL, NULL, NULL, NULL, NULL, NULL, NULL, NULL, NULL, NULL, 0, '2020-01-06 09:15:11', '2020-01-06 09:15:11', 0),
(1123, '19IT031', 33, NULL, NULL, NULL, NULL, NULL, NULL, NULL, NULL, NULL, NULL, NULL, NULL, NULL, NULL, NULL, NULL, NULL, NULL, NULL, NULL, NULL, NULL, 0, '2020-01-06 09:15:11', '2020-01-06 09:15:11', 0),
(1124, '19IT032', 33, NULL, NULL, NULL, NULL, NULL, NULL, NULL, NULL, NULL, NULL, NULL, NULL, NULL, NULL, NULL, NULL, NULL, NULL, NULL, NULL, NULL, NULL, 0, '2020-01-06 09:15:11', '2020-01-06 09:15:11', 0),
(1125, '19IT033', 33, NULL, NULL, NULL, NULL, NULL, NULL, NULL, NULL, NULL, NULL, NULL, NULL, NULL, NULL, NULL, NULL, NULL, NULL, NULL, NULL, NULL, NULL, 0, '2020-01-06 09:15:11', '2020-01-06 09:15:11', 0),
(1126, '19IT034', 33, 0, 0, 0, 0, 0, 0, 0, 0, 0, 0, 0, 0, 0, 0, 0, 0, 0, 0, 0, 0, 0, 2, 1, '2020-01-06 09:15:11', '2020-01-06 09:35:08', 2),
(1127, '19IT035', 33, NULL, NULL, NULL, NULL, NULL, NULL, NULL, NULL, NULL, NULL, NULL, NULL, NULL, NULL, NULL, NULL, NULL, NULL, NULL, NULL, NULL, NULL, 0, '2020-01-06 09:15:11', '2020-01-06 09:15:11', 0),
(1128, '19IT036', 33, NULL, NULL, NULL, NULL, NULL, NULL, NULL, NULL, NULL, NULL, NULL, NULL, NULL, NULL, NULL, NULL, NULL, NULL, NULL, NULL, NULL, NULL, 0, '2020-01-06 09:15:11', '2020-01-06 09:15:11', 0),
(1129, '19IT037', 33, NULL, NULL, NULL, NULL, NULL, NULL, NULL, NULL, NULL, NULL, NULL, NULL, NULL, NULL, NULL, NULL, NULL, NULL, NULL, NULL, NULL, NULL, 0, '2020-01-06 09:15:11', '2020-01-06 09:15:11', 0),
(1130, '19IT038', 33, NULL, NULL, NULL, NULL, NULL, NULL, NULL, NULL, NULL, NULL, NULL, NULL, NULL, NULL, NULL, NULL, NULL, NULL, NULL, NULL, NULL, NULL, 0, '2020-01-06 09:15:11', '2020-01-06 09:15:11', 0),
(1131, '19IT039', 33, NULL, NULL, NULL, NULL, NULL, NULL, NULL, NULL, NULL, NULL, NULL, NULL, NULL, NULL, NULL, NULL, NULL, NULL, NULL, NULL, NULL, NULL, 0, '2020-01-06 09:15:11', '2020-01-06 09:15:11', 0),
(1132, '19IT040', 33, NULL, NULL, NULL, NULL, NULL, NULL, NULL, NULL, NULL, NULL, NULL, NULL, NULL, NULL, NULL, NULL, NULL, NULL, NULL, NULL, NULL, NULL, 0, '2020-01-06 09:15:11', '2020-01-06 09:15:11', 0),
(1133, '19IT041', 33, NULL, NULL, NULL, NULL, NULL, NULL, NULL, NULL, NULL, NULL, NULL, NULL, NULL, NULL, NULL, NULL, NULL, NULL, NULL, NULL, NULL, NULL, 0, '2020-01-06 09:15:11', '2020-01-06 09:15:11', 0),
(1134, '19IT042', 33, NULL, NULL, NULL, NULL, NULL, NULL, NULL, NULL, NULL, NULL, NULL, NULL, NULL, NULL, NULL, NULL, NULL, NULL, NULL, NULL, NULL, NULL, 0, '2020-01-06 09:15:11', '2020-01-06 09:15:11', 0),
(1135, '19IT044', 33, NULL, NULL, NULL, NULL, NULL, NULL, NULL, NULL, NULL, NULL, NULL, NULL, NULL, NULL, NULL, NULL, NULL, NULL, NULL, NULL, NULL, NULL, 0, '2020-01-06 09:15:11', '2020-01-06 09:15:11', 0),
(1136, '19IT047', 33, NULL, NULL, NULL, NULL, NULL, NULL, NULL, NULL, NULL, NULL, NULL, NULL, NULL, NULL, NULL, NULL, NULL, NULL, NULL, NULL, NULL, NULL, 0, '2020-01-06 09:15:11', '2020-01-06 09:15:11', 0),
(1137, '19IT048', 33, NULL, NULL, NULL, NULL, NULL, NULL, NULL, NULL, NULL, NULL, NULL, NULL, NULL, NULL, NULL, NULL, NULL, NULL, NULL, NULL, NULL, NULL, 0, '2020-01-06 09:15:11', '2020-01-06 09:15:11', 0),
(1138, '19IT049', 33, NULL, NULL, NULL, NULL, NULL, NULL, NULL, NULL, NULL, NULL, NULL, NULL, NULL, NULL, NULL, NULL, NULL, NULL, NULL, NULL, NULL, NULL, 0, '2020-01-06 09:15:11', '2020-01-06 09:15:11', 0),
(1139, '19IT050', 33, NULL, NULL, NULL, NULL, NULL, NULL, NULL, NULL, NULL, NULL, NULL, NULL, NULL, NULL, NULL, NULL, NULL, NULL, NULL, NULL, NULL, NULL, 0, '2020-01-06 09:15:11', '2020-01-06 09:15:11', 0),
(1140, '19IT051', 33, NULL, NULL, NULL, NULL, NULL, NULL, NULL, NULL, NULL, NULL, NULL, NULL, NULL, NULL, NULL, NULL, NULL, NULL, NULL, NULL, NULL, NULL, 0, '2020-01-06 09:15:11', '2020-01-06 09:15:11', 0),
(1141, '19IT052', 33, NULL, NULL, NULL, NULL, NULL, NULL, NULL, NULL, NULL, NULL, NULL, NULL, NULL, NULL, NULL, NULL, NULL, NULL, NULL, NULL, NULL, NULL, 0, '2020-01-06 09:15:11', '2020-01-06 09:15:11', 0),
(1142, '19IT053', 33, NULL, NULL, NULL, NULL, NULL, NULL, NULL, NULL, NULL, NULL, NULL, NULL, NULL, NULL, NULL, NULL, NULL, NULL, NULL, NULL, NULL, NULL, 0, '2020-01-06 09:15:11', '2020-01-06 09:15:11', 0),
(1143, '19IT055', 33, NULL, NULL, NULL, NULL, NULL, NULL, NULL, NULL, NULL, NULL, NULL, NULL, NULL, NULL, NULL, NULL, NULL, NULL, NULL, NULL, NULL, NULL, 0, '2020-01-06 09:15:11', '2020-01-06 09:15:11', 0);
INSERT INTO `my_points` (`id_my_point`, `id_student`, `id_dot`, `p1a`, `p1b1`, `p1b2`, `p1c`, `p1d`, `p1dd`, `p2a1`, `p2a2`, `p2b1`, `p2b2`, `p2b3`, `p3a1`, `p3a2`, `p3b1`, `p3b2`, `p3b3`, `p3c`, `p4a1`, `p4a2`, `p4a3`, `p4b`, `p4c`, `confirm`, `created_at`, `updated_at`, `total`) VALUES
(1144, '19IT056', 33, NULL, NULL, NULL, NULL, NULL, NULL, NULL, NULL, NULL, NULL, NULL, NULL, NULL, NULL, NULL, NULL, NULL, NULL, NULL, NULL, NULL, NULL, 0, '2020-01-06 09:15:11', '2020-01-06 09:15:11', 0),
(1145, '19IT057', 33, NULL, NULL, NULL, NULL, NULL, NULL, NULL, NULL, NULL, NULL, NULL, NULL, NULL, NULL, NULL, NULL, NULL, NULL, NULL, NULL, NULL, NULL, 0, '2020-01-06 09:15:11', '2020-01-06 09:15:11', 0),
(1146, '19IT058', 33, NULL, NULL, NULL, NULL, NULL, NULL, NULL, NULL, NULL, NULL, NULL, NULL, NULL, NULL, NULL, NULL, NULL, NULL, NULL, NULL, NULL, NULL, 0, '2020-01-06 09:15:11', '2020-01-06 09:15:11', 0),
(1147, '19IT059', 33, NULL, NULL, NULL, NULL, NULL, NULL, NULL, NULL, NULL, NULL, NULL, NULL, NULL, NULL, NULL, NULL, NULL, NULL, NULL, NULL, NULL, NULL, 0, '2020-01-06 09:15:11', '2020-01-06 09:15:11', 0),
(1148, '19IT060', 33, NULL, NULL, NULL, NULL, NULL, NULL, NULL, NULL, NULL, NULL, NULL, NULL, NULL, NULL, NULL, NULL, NULL, NULL, NULL, NULL, NULL, NULL, 0, '2020-01-06 09:15:11', '2020-01-06 09:15:11', 0);

-- --------------------------------------------------------

--
-- Table structure for table `points`
--

CREATE TABLE `points` (
  `id_point` int(255) NOT NULL,
  `id_student` varchar(255) NOT NULL,
  `id_dot` int(255) NOT NULL,
  `p1a` int(255) DEFAULT NULL,
  `p1b1` int(255) DEFAULT NULL,
  `p1b2` int(255) DEFAULT NULL,
  `p1c` int(255) DEFAULT NULL,
  `p1d` int(255) DEFAULT NULL,
  `p1dd` int(255) DEFAULT NULL,
  `p2a1` int(255) DEFAULT NULL,
  `p2a2` int(255) DEFAULT NULL,
  `p2b1` int(255) DEFAULT NULL,
  `p2b2` int(255) DEFAULT NULL,
  `p2b3` int(255) DEFAULT NULL,
  `p3a1` int(255) DEFAULT NULL,
  `p3a2` int(255) DEFAULT NULL,
  `p3b1` int(255) DEFAULT NULL,
  `p3b2` int(255) DEFAULT NULL,
  `p3b3` int(255) DEFAULT NULL,
  `p3c` int(255) DEFAULT NULL,
  `p4a1` int(255) DEFAULT NULL,
  `p4a2` int(255) DEFAULT NULL,
  `p4a3` int(255) DEFAULT NULL,
  `p4b` int(255) DEFAULT NULL,
  `p4c` int(255) DEFAULT NULL,
  `confirm` int(255) DEFAULT NULL,
  `created_at` datetime DEFAULT NULL,
  `updated_at` datetime DEFAULT NULL,
  `total` int(255) DEFAULT NULL,
  `note` varchar(5000) DEFAULT NULL,
  `status` int(11) DEFAULT 1
) ENGINE=InnoDB DEFAULT CHARSET=utf8;

--
-- Dumping data for table `points`
--

INSERT INTO `points` (`id_point`, `id_student`, `id_dot`, `p1a`, `p1b1`, `p1b2`, `p1c`, `p1d`, `p1dd`, `p2a1`, `p2a2`, `p2b1`, `p2b2`, `p2b3`, `p3a1`, `p3a2`, `p3b1`, `p3b2`, `p3b3`, `p3c`, `p4a1`, `p4a2`, `p4a3`, `p4b`, `p4c`, `confirm`, `created_at`, `updated_at`, `total`, `note`, `status`) VALUES
(385, '18IT262', 24, 10, 3, 5, 4, 2, 3, 2, 4, 5, 5, 5, 10, 3, 4, 1, 1, 4, 5, 3, 1, 8, 2, 1, '2019-12-16 04:21:06', '2020-01-03 08:02:46', 90, 'Nghỉ học', 0),
(386, '18IT263', 24, 10, 3, 5, 4, 2, 0, 6, 4, 5, 5, 5, 10, 5, 4, 1, 1, 4, 5, 3, 2, 8, 2, 1, '2019-12-16 04:21:06', '2020-01-08 13:30:31', 94, '', 1),
(387, '18IT264', 24, 1, 3, 4, 4, 1, 3, 4, 4, 2, 4, 3, 8, 2, 0, 1, 1, 4, 5, 3, 1, 6, 2, 1, '2019-12-16 04:21:06', '2020-01-08 13:30:32', 66, '', 1),
(388, '18IT265', 24, 8, 0, 3, 1, 2, 3, 4, 1, 4, 5, 4, 7, 5, 2, 1, 0, 3, 5, 3, 1, 2, 2, 1, '2019-12-16 04:21:06', '2020-01-03 08:01:31', 66, 'Nghỉ học', 0),
(389, '18IT266', 24, 8, 3, 0, 1, 2, 2, 6, 4, 2, 1, 2, 8, 4, 3, 1, 0, 4, 4, 1, 1, 0, 0, 1, '2019-12-16 04:21:06', '2019-12-27 20:30:01', 57, NULL, 1),
(390, '18IT267', 24, 9, 3, 5, 4, 1, 6, 5, 2, 1, 1, 3, 8, 5, 1, 0, 0, 4, 5, 0, 2, 8, 1, 1, '2019-12-16 04:21:06', '2020-01-03 08:01:30', 74, 'Nghỉ học', 0),
(391, '18IT268', 24, 10, 0, 3, 2, 1, 2, 6, 3, 5, 5, 3, 10, 4, 4, 0, 1, 4, 5, 3, 2, 7, 1, 1, '2019-12-16 04:21:06', '2019-12-28 17:44:10', 81, '', 1),
(392, '18IT269', 24, 8, 3, 3, 3, 1, 0, 6, 4, 4, 1, 5, 8, 5, 2, 1, 1, 0, 2, 3, 2, 6, 2, 1, '2019-12-16 04:21:06', '2020-01-03 01:26:26', 70, '', 1),
(393, '18IT270', 24, 0, 0, 0, 0, 0, 0, 0, 0, 0, 0, 0, 0, 0, 0, 0, 0, 0, 0, 0, 0, 8, 2, 1, '2019-12-16 04:21:06', '2019-12-28 17:44:22', 10, 'Nghỉ học', 0),
(394, '18IT271', 24, 0, 0, 0, 0, 0, 3, 0, 0, 0, 0, 0, 0, 0, 0, 0, 0, 0, 0, 0, 0, 8, 0, 1, '2019-12-16 04:21:06', '2019-12-28 17:44:23', 11, 'Nghỉ học', 0),
(395, '18IT272', 24, 9, 3, 5, 4, 1, 6, 4, 1, 5, 5, 3, 10, 4, 3, 0, 1, 0, 0, 0, 0, 0, 0, 1, '2019-12-16 04:21:06', '2019-12-27 20:30:52', 64, NULL, 1),
(396, '18IT273', 24, 10, 3, 4, 3, 2, 0, 6, 0, 3, 1, 5, 8, 2, 1, 0, 1, 4, 3, 2, 0, 8, 2, 1, '2019-12-16 04:21:06', '2019-12-16 05:50:32', 68, NULL, 1),
(397, '18IT274', 24, 9, 0, 4, 0, 2, 2, 6, 1, 4, 3, 5, 6, 5, 4, 1, 1, 4, 1, 1, 1, 6, 0, 1, '2019-12-16 04:21:06', '2019-12-16 05:50:33', 66, NULL, 1),
(398, '18IT275', 24, 9, 2, 5, 4, 2, 0, 3, 2, 5, 3, 2, 7, 3, 3, 0, 1, 1, 3, 3, 2, 6, 0, 1, '2019-12-16 04:21:06', '2019-12-16 05:50:52', 66, NULL, 1),
(399, '18IT276', 24, 7, 3, 2, 4, 2, 0, 6, 4, 5, 2, 5, 3, 5, 4, 1, 0, 3, 4, 1, 0, 6, 2, 1, '2019-12-16 04:21:06', '2019-12-16 05:50:54', 69, NULL, 1),
(400, '18IT277', 24, 10, 1, 5, 1, 2, 3, 4, 3, 1, 4, 1, 10, 5, 3, 1, 0, 0, 0, 2, 1, 7, 2, 1, '2019-12-16 04:21:06', '2019-12-16 05:51:08', 66, NULL, 1),
(401, '18IT278', 24, 9, 0, 5, 4, 2, 6, 3, 3, 4, 5, 4, 8, 5, 2, 0, 1, 2, 4, 3, 0, 4, 1, 1, '2019-12-16 04:21:06', '2019-12-16 05:51:24', 75, NULL, 1),
(402, '18IT279', 24, 10, 2, 3, 2, 2, 3, 5, 2, 4, 4, 5, 9, 4, 3, 0, 1, 4, 5, 0, 2, 8, 2, 1, '2019-12-16 04:21:06', '2019-12-16 06:09:42', 80, NULL, 1),
(403, '18IT280', 24, 4, 3, 0, 3, 0, 6, 0, 3, 5, 3, 5, 9, 5, 4, 0, 1, 4, 5, 1, 2, 6, 1, 1, '2019-12-16 04:21:06', '2019-12-16 05:51:33', 70, NULL, 1),
(404, '18IT281', 24, 10, 1, 3, 4, 0, 0, 4, 4, 1, 5, 5, 8, 3, 4, 0, 1, 2, 4, 0, 0, 5, 2, 1, '2019-12-16 04:21:06', '2019-12-16 05:51:36', 66, NULL, 1),
(405, '18IT282', 24, 10, 0, 4, 4, 1, 2, 0, 2, 3, 5, 5, 10, 5, 1, 1, 1, 4, 0, 2, 0, 8, 0, 1, '2019-12-16 04:21:06', '2019-12-16 05:51:52', 68, NULL, 1),
(406, '18IT283', 24, 9, 2, 2, 4, 2, 0, 3, 3, 2, 5, 3, 10, 3, 2, 0, 0, 4, 0, 2, 1, 8, 2, 1, '2019-12-16 04:21:06', '2019-12-16 05:51:59', 67, NULL, 1),
(407, '18IT284', 24, 10, 2, 3, 4, 1, 2, 3, 0, 3, 3, 0, 7, 1, 3, 1, 1, 4, 4, 2, 2, 8, 2, 1, '2019-12-16 04:21:06', '2019-12-16 05:52:01', 66, NULL, 1),
(408, '18IT285', 24, 2, 3, 1, 4, 0, 3, 6, 4, 0, 4, 0, 10, 4, 4, 1, 0, 4, 4, 3, 2, 7, 2, 1, '2019-12-16 04:21:06', '2019-12-16 05:52:02', 68, NULL, 1),
(409, '18IT286', 24, 0, 0, 0, 0, 0, 0, 0, 0, 0, 0, 0, 0, 0, 0, 0, 0, 0, 0, 0, 0, 8, 0, 1, '2019-12-16 04:21:06', '2019-12-28 17:44:32', 8, 'Nghỉ học', 0),
(410, '18IT287', 24, 9, 2, 5, 4, 2, 0, 5, 4, 3, 2, 4, 7, 5, 0, 1, 0, 3, 3, 3, 2, 4, 0, 1, '2019-12-16 04:21:06', '2019-12-16 05:52:26', 68, NULL, 1),
(411, '18IT288', 24, 1, 1, 5, 3, 2, 3, 4, 3, 5, 1, 5, 6, 4, 2, 0, 0, 4, 5, 3, 1, 7, 1, 1, '2019-12-16 04:21:06', '2019-12-29 19:10:42', 66, NULL, 1),
(412, '18IT289', 24, 10, 3, 1, 4, 2, 2, 3, 4, 5, 0, 4, 4, 5, 4, 0, 1, 1, 5, 3, 2, 4, 0, 1, '2019-12-16 04:21:06', '2019-12-16 05:52:41', 67, NULL, 1),
(413, '18IT290', 24, 8, 1, 4, 2, 2, 3, 5, 0, 1, 5, 5, 9, 2, 4, 1, 1, 1, 5, 3, 1, 2, 1, 1, '2019-12-16 04:21:06', '2019-12-16 05:52:55', 66, NULL, 1),
(414, '18IT291', 24, 9, 3, 5, 1, 1, 3, 5, 1, 2, 4, 4, 7, 3, 3, 0, 1, 2, 3, 3, 0, 7, 0, 1, '2019-12-16 04:21:06', '2019-12-16 05:52:57', 67, NULL, 1),
(415, '18IT292', 24, 0, 0, 0, 0, 0, 0, 0, 0, 0, 0, 0, 0, 0, 0, 0, 0, 0, 0, 0, 0, 8, 0, 1, '2019-12-16 04:21:06', '2019-12-28 17:44:35', 8, 'Nghỉ học', 0),
(416, '18IT293', 24, 9, 2, 3, 4, 2, 6, 6, 2, 3, 4, 3, 10, 4, 3, 1, 0, 4, 1, 3, 1, 7, 2, 1, '2019-12-16 04:21:06', '2019-12-16 05:53:03', 80, NULL, 1),
(417, '18IT294', 24, 0, 0, 0, 0, 0, 0, 4, 2, 5, 5, 5, 7, 2, 4, 1, 0, 4, 0, 0, 0, 0, 0, 1, '2019-12-16 04:21:06', '2019-12-27 20:33:10', 39, NULL, 1),
(418, '18IT295', 24, 10, 2, 5, 4, 2, 0, 3, 4, 3, 5, 2, 7, 4, 4, 1, 0, 2, 0, 3, 0, 7, 0, 1, '2019-12-16 04:21:06', '2019-12-16 05:53:09', 68, NULL, 1),
(419, '18IT296', 24, 5, 0, 4, 3, 2, 3, 2, 4, 3, 2, 5, 9, 4, 0, 1, 1, 4, 2, 3, 1, 8, 1, 1, '2019-12-16 04:21:06', '2019-12-16 05:53:10', 67, NULL, 1),
(420, '18IT297', 24, 10, 1, 3, 0, 1, 0, 5, 3, 1, 4, 5, 10, 2, 4, 1, 0, 4, 2, 2, 0, 8, 0, 1, '2019-12-16 04:21:06', '2019-12-16 05:53:12', 66, NULL, 1),
(421, '18IT298', 24, 10, 3, 2, 4, 0, 0, 1, 3, 5, 5, 0, 10, 4, 4, 1, 1, 2, 1, 3, 1, 5, 1, 1, '2019-12-16 04:21:06', '2019-12-16 05:53:13', 66, NULL, 1),
(422, '18IT299', 24, 9, 3, 2, 4, 2, 6, 1, 2, 1, 5, 2, 10, 3, 1, 0, 1, 3, 2, 2, 1, 7, 1, 1, '2019-12-16 04:21:06', '2019-12-16 05:53:14', 68, NULL, 1),
(423, '18IT300', 24, 5, 1, 3, 2, 2, 2, 4, 4, 3, 5, 4, 9, 5, 4, 0, 1, 2, 3, 0, 2, 8, 2, 1, '2019-12-16 04:21:06', '2019-12-16 05:53:26', 71, NULL, 1),
(424, '18IT301', 24, 9, 3, 3, 4, 2, 0, 5, 2, 5, 3, 2, 10, 4, 2, 0, 1, 4, 1, 1, 1, 6, 2, 1, '2019-12-16 04:21:06', '2019-12-16 05:53:31', 70, NULL, 1),
(425, '18IT302', 24, 9, 2, 4, 4, 1, 0, 5, 4, 5, 5, 0, 9, 0, 0, 0, 1, 3, 5, 1, 2, 8, 1, 1, '2019-12-16 04:21:06', '2019-12-16 05:53:36', 69, NULL, 1),
(426, '18IT303', 24, 9, 0, 4, 0, 0, 2, 3, 4, 1, 5, 3, 7, 1, 4, 1, 0, 4, 4, 3, 2, 7, 2, 1, '2019-12-16 04:21:06', '2019-12-16 05:53:38', 66, NULL, 1),
(427, '18IT304', 24, 6, 0, 1, 3, 2, 6, 3, 3, 2, 5, 1, 8, 4, 4, 1, 1, 3, 5, 2, 2, 4, 2, 1, '2019-12-16 04:21:06', '2019-12-16 05:53:45', 68, NULL, 1),
(428, '18IT305', 24, 9, 3, 2, 4, 0, 6, 4, 4, 1, 3, 5, 6, 1, 4, 0, 1, 2, 2, 3, 1, 8, 0, 1, '2019-12-16 04:21:06', '2019-12-16 05:53:55', 69, NULL, 1),
(429, '18IT308', 24, 10, 1, 0, 4, 0, 6, 3, 1, 3, 4, 1, 7, 4, 4, 0, 1, 1, 4, 1, 2, 8, 1, 1, '2019-12-16 04:21:06', '2019-12-16 05:54:00', 66, NULL, 1),
(430, '18IT309', 24, 10, 2, 1, 3, 0, 0, 4, 3, 3, 4, 4, 9, 3, 0, 1, 1, 4, 2, 2, 1, 7, 2, 1, '2019-12-16 04:21:06', '2019-12-16 05:54:04', 66, NULL, 1),
(431, '18IT313', 24, 10, 3, 3, 3, 2, 0, 6, 4, 5, 5, 5, 10, 2, 2, 0, 0, 3, 5, 0, 2, 8, 2, 1, '2019-12-16 04:21:06', '2019-12-16 06:31:32', 80, NULL, 1),
(432, '18IT317', 24, 10, 2, 5, 1, 2, 0, 6, 4, 4, 5, 0, 5, 4, 2, 0, 1, 3, 5, 1, 0, 8, 1, 1, '2019-12-16 04:21:06', '2019-12-16 05:54:17', 69, NULL, 1),
(433, '18IT318', 24, 10, 1, 4, 2, 2, 3, 6, 3, 5, 5, 4, 10, 5, 1, 1, 1, 2, 4, 3, 2, 8, 2, 1, '2019-12-16 04:21:06', '2019-12-16 06:31:58', 84, NULL, 1),
(434, '18IT319', 24, 7, 2, 2, 4, 2, 6, 5, 4, 3, 4, 5, 10, 1, 4, 1, 1, 4, 4, 1, 1, 8, 2, 1, '2019-12-16 04:21:06', '2019-12-16 05:54:46', 81, NULL, 1),
(435, '18IT320', 24, 10, 3, 5, 4, 2, 6, 5, 4, 1, 5, 4, 9, 2, 3, 1, 0, 4, 4, 3, 2, 1, 2, 1, '2019-12-16 04:21:06', '2019-12-16 05:54:54', 80, NULL, 1),
(436, '18IT321', 24, 7, 3, 3, 3, 0, 0, 5, 4, 5, 0, 5, 9, 5, 1, 0, 1, 3, 0, 3, 2, 6, 1, 1, '2019-12-16 04:21:06', '2019-12-16 05:55:11', 66, NULL, 1),
(437, '18IT322', 24, 8, 3, 5, 3, 0, 0, 6, 2, 5, 4, 5, 10, 1, 4, 1, 1, 4, 4, 3, 2, 8, 2, 1, '2019-12-16 04:21:06', '2019-12-16 06:33:06', 81, NULL, 1),
(438, '18IT324', 24, 8, 2, 5, 0, 1, 0, 6, 3, 2, 2, 4, 7, 5, 3, 1, 0, 4, 3, 2, 2, 7, 0, 1, '2019-12-16 04:21:06', '2019-12-16 05:55:21', 67, NULL, 1),
(439, '18IT325', 24, 10, 3, 3, 2, 2, 3, 6, 3, 5, 5, 4, 6, 5, 3, 1, 0, 3, 4, 3, 1, 7, 1, 1, '2019-12-16 04:21:06', '2019-12-16 06:42:25', 80, NULL, 1),
(440, '18IT328', 24, 8, 3, 4, 2, 0, 0, 5, 2, 5, 3, 5, 5, 0, 4, 1, 1, 3, 0, 3, 1, 8, 2, 1, '2019-12-16 04:21:06', '2019-12-16 05:55:55', 65, NULL, 1),
(441, '18IT329', 24, 10, 0, 5, 2, 0, 6, 6, 0, 1, 2, 3, 10, 5, 1, 1, 1, 1, 0, 1, 2, 8, 1, 1, '2019-12-16 04:21:06', '2019-12-16 05:56:00', 66, NULL, 1),
(442, '18IT332', 24, 7, 2, 5, 0, 2, 3, 3, 4, 3, 5, 3, 10, 1, 4, 1, 0, 1, 2, 3, 2, 8, 1, 1, '2019-12-16 04:21:06', '2019-12-16 05:56:19', 70, NULL, 1),
(443, '18IT333', 24, 10, 0, 3, 2, 0, 6, 6, 2, 5, 5, 4, 10, 5, 4, 1, 0, 3, 4, 3, 2, 5, 2, 1, '2019-12-16 04:21:06', '2019-12-16 05:56:22', 82, NULL, 1),
(444, '18IT334', 24, 6, 1, 0, 1, 2, 0, 3, 3, 5, 3, 5, 7, 4, 4, 1, 1, 2, 5, 3, 1, 8, 0, 1, '2019-12-16 04:21:06', '2019-12-16 05:56:23', 65, NULL, 1),
(445, '18IT335', 24, 9, 3, 4, 1, 1, 0, 5, 3, 5, 4, 5, 5, 5, 2, 1, 0, 3, 2, 2, 1, 8, 1, 1, '2019-12-16 04:21:06', '2019-12-16 05:56:25', 70, NULL, 1),
(446, '18IT336', 24, 10, 2, 5, 4, 0, 0, 4, 0, 1, 4, 1, 10, 5, 2, 0, 0, 2, 5, 3, 0, 8, 0, 1, '2019-12-16 04:21:06', '2019-12-16 05:56:42', 66, NULL, 1),
(447, '18IT337', 24, 8, 2, 5, 4, 1, 3, 0, 3, 5, 4, 3, 10, 5, 4, 1, 1, 1, 5, 1, 1, 4, 2, 1, '2019-12-16 04:21:06', '2019-12-16 05:56:44', 73, NULL, 1),
(448, '18IT340', 24, 2, 3, 4, 0, 2, 6, 3, 2, 5, 2, 4, 4, 5, 4, 1, 0, 3, 4, 1, 2, 8, 1, 1, '2019-12-16 04:21:06', '2019-12-16 05:56:51', 66, NULL, 1),
(449, '18IT341', 24, 10, 3, 4, 3, 0, 2, 3, 1, 5, 1, 2, 9, 5, 2, 0, 1, 3, 2, 2, 1, 8, 0, 1, '2019-12-16 04:21:06', '2019-12-16 05:56:52', 67, NULL, 1),
(450, '18IT342', 24, 8, 1, 4, 3, 1, 6, 6, 4, 5, 4, 5, 10, 4, 3, 0, 0, 3, 5, 1, 0, 8, 0, 1, '2019-12-16 04:21:06', '2019-12-16 06:45:48', 81, NULL, 1),
(451, '18IT345', 24, 7, 0, 4, 4, 0, 0, 5, 3, 5, 5, 5, 8, 4, 2, 1, 1, 2, 5, 3, 1, 6, 2, 1, '2019-12-16 04:21:06', '2019-12-16 05:56:56', 73, NULL, 1),
(452, '18IT346', 24, 10, 2, 5, 0, 2, 0, 6, 1, 5, 4, 0, 8, 1, 4, 1, 1, 0, 3, 3, 2, 8, 1, 1, '2019-12-16 04:21:06', '2019-12-16 05:57:22', 67, NULL, 1),
(453, '18IT347', 24, 7, 2, 4, 1, 2, 3, 5, 1, 0, 5, 5, 6, 3, 2, 1, 1, 4, 5, 1, 1, 7, 1, 1, '2019-12-16 04:21:06', '2019-12-16 05:57:30', 67, NULL, 1),
(454, '18IT348', 24, 10, 3, 5, 3, 2, 3, 6, 2, 4, 3, 5, 9, 4, 3, 1, 1, 1, 5, 1, 1, 8, 0, 1, '2019-12-16 04:21:06', '2019-12-16 06:45:58', 80, NULL, 1),
(455, '18IT349', 24, 10, 3, 4, 2, 1, 6, 5, 4, 5, 0, 3, 9, 4, 4, 1, 1, 3, 3, 3, 2, 7, 2, 1, '2019-12-16 04:21:06', '2019-12-16 06:46:06', 82, NULL, 1),
(456, '18IT350', 24, 5, 2, 5, 4, 1, 3, 3, 4, 0, 5, 1, 10, 3, 3, 1, 1, 3, 5, 2, 1, 8, 1, 1, '2019-12-16 04:21:06', '2019-12-16 05:58:02', 71, NULL, 1),
(457, '18IT351', 24, 9, 3, 2, 4, 1, 6, 6, 1, 4, 5, 5, 9, 2, 0, 0, 1, 0, 3, 3, 2, 2, 2, 1, '2019-12-16 04:21:06', '2019-12-16 05:58:09', 70, NULL, 1),
(458, '18IT352', 24, 7, 3, 4, 4, 1, 0, 5, 2, 5, 4, 3, 8, 5, 2, 1, 0, 1, 4, 3, 2, 4, 1, 1, '2019-12-16 04:21:06', '2019-12-16 05:58:11', 69, NULL, 1),
(459, '18IT354', 24, 10, 2, 2, 0, 2, 6, 3, 4, 1, 5, 4, 10, 1, 2, 1, 0, 0, 3, 1, 0, 8, 1, 1, '2019-12-16 04:21:06', '2019-12-16 05:58:19', 66, NULL, 1),
(460, '18IT355', 24, 10, 0, 5, 2, 2, 3, 6, 4, 1, 5, 4, 7, 3, 1, 0, 0, 1, 0, 2, 2, 5, 2, 1, '2019-12-16 04:21:06', '2019-12-16 05:58:27', 65, NULL, 1),
(461, '18IT356', 24, 10, 0, 4, 3, 1, 3, 2, 2, 4, 5, 4, 8, 5, 4, 0, 1, 0, 5, 1, 2, 7, 0, 1, '2019-12-16 04:21:06', '2019-12-16 05:58:48', 71, NULL, 1),
(462, '18IT359', 24, 8, 2, 5, 2, 2, 0, 6, 2, 5, 4, 2, 7, 4, 2, 0, 1, 3, 2, 3, 2, 8, 0, 1, '2019-12-16 04:21:06', '2019-12-16 05:59:05', 70, NULL, 1),
(463, '18IT360', 24, 10, 3, 0, 4, 2, 0, 2, 3, 3, 3, 1, 7, 4, 4, 1, 0, 1, 2, 3, 2, 8, 2, 1, '2019-12-16 04:21:06', '2019-12-16 05:59:30', 65, NULL, 1),
(464, '18IT361', 24, 8, 3, 5, 3, 2, 0, 4, 0, 3, 1, 4, 10, 2, 3, 1, 0, 2, 3, 3, 2, 7, 0, 1, '2019-12-16 04:21:06', '2019-12-16 05:59:32', 66, NULL, 1),
(465, '18IT362', 24, 10, 2, 5, 4, 0, 3, 4, 2, 3, 4, 3, 6, 0, 3, 0, 0, 3, 3, 2, 2, 7, 1, 1, '2019-12-16 04:21:07', '2019-12-16 05:59:39', 67, NULL, 1),
(466, '18IT363', 24, 9, 0, 3, 1, 1, 0, 6, 2, 3, 5, 5, 10, 4, 2, 1, 0, 3, 3, 0, 0, 8, 0, 1, '2019-12-16 04:21:07', '2019-12-16 05:59:42', 66, NULL, 1),
(467, '18IT365', 24, 9, 2, 5, 4, 1, 2, 6, 4, 1, 2, 5, 10, 0, 3, 0, 0, 2, 1, 3, 0, 8, 0, 1, '2019-12-16 04:21:07', '2019-12-16 05:59:51', 68, NULL, 1),
(468, '18IT262', 25, 7, 3, 4, 1, 0, 3, 6, 4, 3, 3, 4, 3, 4, 3, 1, 1, 2, 4, 3, 1, 4, 2, 1, '2019-12-16 04:22:02', '2019-12-16 06:48:08', 66, NULL, 1),
(469, '18IT263', 25, 8, 3, 0, 3, 2, 0, 5, 2, 2, 4, 4, 9, 3, 4, 1, 0, 4, 5, 3, 1, 5, 1, 1, '2019-12-16 04:22:02', '2020-01-07 13:26:52', 69, 'Nghỉ học', 0),
(470, '18IT264', 25, 3, 3, 5, 3, 0, 0, 6, 0, 4, 5, 5, 9, 4, 4, 1, 1, 2, 4, 2, 1, 2, 2, 1, '2019-12-16 04:22:02', '2019-12-16 07:51:51', 66, '', 1),
(471, '18IT265', 25, 0, 0, 0, 0, 0, 0, 0, 0, 0, 0, 0, 0, 0, 0, 0, 0, 0, 0, 0, 0, 0, 0, 0, '2019-12-16 04:22:02', '2019-12-18 18:59:12', 0, 'Nghỉ học', 1),
(472, '18IT266', 25, 1, 3, 4, 4, 0, 3, 1, 3, 4, 4, 4, 9, 5, 3, 1, 0, 4, 5, 3, 1, 4, 2, 1, '2019-12-16 04:22:02', '2019-12-16 06:48:12', 68, NULL, 1),
(473, '18IT267', 25, 10, 2, 3, 3, 2, 3, 1, 0, 4, 2, 5, 10, 2, 1, 0, 1, 4, 2, 3, 0, 8, 2, 1, '2019-12-16 04:22:02', '2019-12-16 06:48:27', 68, NULL, 1),
(474, '18IT268', 25, 7, 3, 3, 2, 1, 3, 6, 2, 0, 4, 4, 7, 1, 4, 0, 1, 1, 3, 1, 2, 8, 2, 1, '2019-12-16 04:22:02', '2019-12-16 06:48:30', 65, NULL, 1),
(475, '18IT269', 25, 10, 1, 5, 4, 2, 3, 5, 4, 5, 5, 1, 10, 4, 3, 1, 1, 3, 4, 3, 2, 4, 0, 1, '2019-12-16 04:22:02', '2019-12-16 06:58:19', 80, NULL, 1),
(476, '18IT270', 25, 9, 2, 2, 4, 2, 0, 5, 2, 4, 2, 5, 6, 5, 4, 0, 1, 2, 3, 2, 0, 8, 0, 1, '2019-12-16 04:22:02', '2019-12-19 06:14:11', 68, 'Nghỉ học', 1),
(477, '18IT271', 25, 10, 3, 4, 1, 1, 6, 1, 1, 1, 5, 2, 7, 5, 4, 1, 0, 2, 1, 3, 2, 3, 2, 1, '2019-12-16 04:22:02', '2019-12-16 06:48:37', 65, NULL, 1),
(478, '18IT272', 25, 8, 2, 5, 3, 1, 0, 6, 0, 1, 2, 5, 10, 4, 1, 1, 0, 4, 3, 1, 2, 4, 2, 1, '2019-12-16 04:22:02', '2019-12-16 06:48:42', 65, NULL, 1),
(479, '18IT273', 25, 10, 3, 3, 4, 2, 0, 3, 4, 3, 4, 5, 10, 3, 4, 1, 1, 4, 5, 3, 2, 6, 0, 1, '2019-12-16 04:22:02', '2019-12-16 07:03:16', 80, NULL, 1),
(480, '18IT274', 25, 8, 3, 5, 1, 2, 0, 0, 3, 4, 2, 5, 10, 5, 0, 0, 0, 4, 2, 3, 1, 6, 1, 1, '2019-12-16 04:22:02', '2019-12-16 06:48:48', 65, NULL, 1),
(481, '18IT275', 25, 10, 3, 5, 4, 1, 2, 5, 2, 2, 3, 1, 9, 3, 4, 0, 1, 2, 4, 0, 1, 3, 2, 1, '2019-12-16 04:22:02', '2019-12-16 06:48:49', 67, NULL, 1),
(482, '18IT276', 25, 8, 3, 3, 0, 2, 0, 6, 4, 5, 1, 4, 8, 3, 0, 0, 1, 4, 3, 3, 0, 6, 1, 1, '2019-12-16 04:22:02', '2019-12-16 06:48:55', 65, NULL, 1),
(483, '18IT277', 25, 6, 1, 3, 2, 2, 6, 0, 4, 3, 3, 5, 9, 3, 3, 1, 1, 2, 4, 2, 0, 6, 0, 1, '2019-12-16 04:22:02', '2019-12-16 06:48:55', 66, NULL, 1),
(484, '18IT278', 25, 9, 2, 1, 2, 2, 0, 6, 4, 2, 2, 5, 6, 1, 2, 1, 1, 4, 5, 3, 1, 5, 2, 1, '2019-12-16 04:22:02', '2019-12-16 06:48:58', 66, NULL, 1),
(485, '18IT279', 25, 7, 3, 2, 4, 2, 0, 1, 4, 4, 0, 5, 10, 2, 4, 1, 1, 1, 5, 1, 1, 7, 1, 1, '2019-12-16 04:22:02', '2019-12-16 06:49:02', 66, NULL, 1),
(486, '18IT280', 25, 7, 3, 0, 4, 0, 6, 3, 4, 0, 4, 5, 6, 4, 2, 0, 1, 4, 5, 1, 0, 5, 2, 1, '2019-12-16 04:22:02', '2019-12-16 06:49:02', 66, NULL, 1),
(487, '18IT281', 25, 4, 2, 5, 3, 2, 6, 4, 3, 5, 5, 5, 5, 5, 1, 1, 0, 3, 2, 0, 0, 5, 1, 1, '2019-12-16 04:22:02', '2019-12-16 06:49:06', 67, NULL, 1),
(488, '18IT282', 25, 6, 2, 5, 4, 2, 0, 1, 3, 4, 4, 5, 10, 5, 1, 0, 1, 1, 3, 0, 2, 6, 0, 1, '2019-12-16 04:22:02', '2019-12-16 06:49:20', 65, NULL, 1),
(489, '18IT283', 25, 10, 2, 4, 3, 0, 6, 2, 1, 3, 3, 3, 6, 5, 3, 1, 1, 2, 3, 0, 0, 5, 2, 1, '2019-12-16 04:22:02', '2019-12-22 15:25:07', 65, NULL, 1),
(490, '18IT284', 25, 5, 3, 3, 1, 2, 3, 2, 2, 3, 5, 3, 9, 5, 4, 1, 1, 0, 2, 3, 0, 8, 0, 1, '2019-12-16 04:22:02', '2019-12-16 06:49:22', 65, NULL, 1),
(491, '18IT285', 25, 10, 0, 0, 4, 2, 6, 4, 4, 5, 4, 5, 9, 4, 3, 1, 1, 0, 2, 2, 1, 2, 2, 1, '2019-12-16 04:22:02', '2019-12-16 06:49:25', 71, NULL, 1),
(492, '18IT286', 25, 0, 0, 0, 0, 0, 0, 0, 0, 0, 0, 0, 0, 0, 0, 0, 0, 0, 0, 0, 0, 0, 0, 0, '2019-12-16 04:22:02', '2019-12-16 07:09:21', 0, 'Nghỉ học', 1),
(493, '18IT287', 25, 10, 3, 5, 3, 1, 0, 4, 3, 4, 2, 5, 4, 4, 4, 0, 1, 3, 5, 1, 2, 7, 0, 1, '2019-12-16 04:22:02', '2019-12-16 06:49:28', 71, NULL, 1),
(494, '18IT288', 25, 9, 3, 4, 0, 1, 6, 6, 3, 0, 4, 4, 9, 1, 0, 1, 0, 3, 4, 3, 0, 6, 1, 1, '2019-12-16 04:22:02', '2019-12-16 06:49:34', 68, NULL, 1),
(495, '18IT289', 25, 8, 3, 2, 4, 2, 0, 5, 4, 0, 5, 5, 10, 3, 2, 0, 1, 4, 4, 2, 1, 5, 2, 1, '2019-12-16 04:22:02', '2019-12-16 06:49:41', 72, NULL, 1),
(496, '18IT290', 25, 9, 3, 5, 4, 2, 6, 2, 1, 3, 3, 4, 10, 4, 2, 1, 0, 2, 3, 1, 0, 5, 1, 1, '2019-12-16 04:22:02', '2019-12-16 06:49:43', 71, NULL, 1),
(497, '18IT291', 25, 2, 3, 5, 0, 0, 3, 6, 4, 0, 5, 5, 10, 5, 4, 0, 1, 3, 3, 1, 1, 2, 2, 1, '2019-12-16 04:22:02', '2019-12-16 06:49:45', 65, NULL, 1),
(498, '18IT292', 25, 10, 1, 5, 4, 2, 0, 5, 2, 4, 4, 3, 8, 2, 4, 1, 0, 3, 2, 3, 0, 6, 1, 1, '2019-12-16 04:22:02', '2019-12-16 06:49:53', 70, NULL, 1),
(499, '18IT293', 25, 8, 2, 3, 4, 2, 2, 6, 1, 4, 5, 2, 10, 0, 3, 1, 1, 1, 5, 0, 1, 3, 1, 1, '2019-12-16 04:22:02', '2019-12-16 06:49:57', 65, NULL, 1),
(500, '18IT294', 25, 9, 3, 2, 4, 2, 0, 5, 4, 0, 4, 3, 10, 5, 2, 1, 0, 0, 4, 2, 0, 6, 1, 1, '2019-12-16 04:22:02', '2019-12-16 06:49:58', 67, NULL, 1),
(501, '18IT295', 25, 9, 0, 3, 3, 2, 6, 2, 2, 4, 1, 1, 10, 4, 4, 0, 1, 1, 4, 1, 1, 7, 0, 1, '2019-12-16 04:22:02', '2019-12-16 06:50:03', 66, NULL, 1),
(502, '18IT296', 25, 10, 0, 4, 3, 2, 0, 5, 1, 5, 5, 5, 10, 0, 4, 0, 1, 3, 2, 0, 2, 2, 2, 1, '2019-12-16 04:22:02', '2019-12-16 06:50:05', 66, NULL, 1),
(503, '18IT297', 25, 6, 0, 0, 4, 0, 0, 5, 4, 5, 4, 3, 10, 0, 2, 0, 0, 3, 5, 3, 2, 8, 1, 1, '2019-12-16 04:22:02', '2019-12-16 06:50:08', 65, NULL, 1),
(504, '18IT298', 25, 9, 1, 5, 3, 2, 2, 5, 3, 5, 0, 5, 5, 4, 0, 1, 1, 0, 4, 1, 0, 7, 2, 1, '2019-12-16 04:22:02', '2019-12-16 06:50:09', 65, NULL, 1),
(505, '18IT299', 25, 9, 3, 2, 3, 2, 2, 2, 4, 3, 4, 2, 4, 3, 4, 1, 0, 3, 2, 3, 2, 6, 2, 1, '2019-12-16 04:22:02', '2019-12-16 06:50:27', 66, NULL, 1),
(506, '18IT300', 25, 7, 3, 5, 2, 2, 0, 6, 4, 0, 5, 5, 10, 3, 4, 1, 1, 2, 4, 3, 1, 2, 2, 1, '2019-12-16 04:22:02', '2019-12-16 06:50:28', 72, NULL, 1),
(507, '18IT301', 25, 10, 2, 4, 0, 1, 2, 4, 2, 5, 3, 3, 9, 5, 3, 0, 0, 3, 3, 3, 0, 2, 2, 1, '2019-12-16 04:22:02', '2019-12-16 06:50:30', 66, NULL, 1),
(508, '18IT302', 25, 6, 1, 3, 4, 2, 6, 5, 4, 4, 3, 0, 4, 3, 4, 0, 1, 2, 2, 1, 1, 8, 2, 1, '2019-12-16 04:22:02', '2019-12-16 06:50:36', 66, NULL, 1),
(509, '18IT303', 25, 8, 3, 3, 3, 2, 0, 6, 4, 1, 5, 1, 7, 5, 4, 1, 0, 0, 1, 2, 2, 6, 1, 1, '2019-12-16 04:22:02', '2019-12-16 06:50:39', 65, NULL, 1),
(510, '18IT304', 25, 10, 2, 3, 3, 1, 6, 5, 2, 2, 2, 5, 3, 2, 4, 0, 0, 3, 2, 3, 0, 7, 1, 1, '2019-12-16 04:22:03', '2019-12-16 06:50:51', 66, NULL, 1),
(511, '18IT305', 25, 3, 3, 1, 4, 2, 0, 5, 2, 3, 5, 4, 10, 1, 4, 1, 0, 3, 5, 3, 1, 7, 0, 1, '2019-12-16 04:22:03', '2019-12-16 06:50:53', 67, NULL, 1),
(512, '18IT308', 25, 9, 3, 1, 4, 1, 2, 3, 4, 4, 4, 5, 8, 3, 3, 0, 0, 4, 1, 0, 2, 3, 2, 1, '2019-12-16 04:22:03', '2019-12-16 06:50:56', 66, NULL, 1),
(513, '18IT309', 25, 10, 3, 5, 1, 2, 6, 4, 1, 5, 5, 5, 5, 3, 0, 1, 1, 0, 4, 2, 2, 3, 0, 1, '2019-12-16 04:22:03', '2019-12-16 06:50:57', 68, NULL, 1),
(514, '18IT313', 25, 3, 1, 5, 1, 0, 0, 6, 4, 3, 5, 4, 10, 5, 3, 0, 1, 4, 5, 1, 0, 4, 0, 1, '2019-12-16 04:22:03', '2019-12-16 06:51:02', 65, NULL, 1),
(515, '18IT317', 25, 10, 2, 1, 3, 1, 0, 2, 2, 5, 5, 3, 9, 5, 3, 1, 0, 3, 5, 2, 1, 0, 2, 1, '2019-12-16 04:22:03', '2019-12-16 06:51:05', 65, NULL, 1),
(516, '18IT318', 25, 10, 1, 4, 3, 1, 0, 4, 2, 5, 3, 4, 5, 4, 2, 1, 0, 2, 5, 2, 2, 8, 0, 1, '2019-12-16 04:22:03', '2019-12-16 06:51:06', 68, NULL, 1),
(517, '18IT319', 25, 9, 1, 4, 4, 2, 3, 1, 3, 0, 5, 5, 8, 3, 1, 0, 1, 1, 3, 2, 0, 7, 2, 1, '2019-12-16 04:22:03', '2019-12-16 06:51:07', 65, NULL, 1),
(518, '18IT320', 25, 10, 3, 4, 4, 1, 0, 4, 3, 5, 4, 5, 9, 3, 1, 1, 1, 3, 3, 1, 2, 2, 1, 1, '2019-12-16 04:22:03', '2019-12-16 06:51:12', 70, NULL, 1),
(519, '18IT321', 25, 5, 3, 4, 4, 2, 0, 1, 4, 5, 2, 5, 8, 4, 4, 0, 1, 3, 3, 0, 1, 8, 0, 1, '2019-12-16 04:22:03', '2019-12-16 06:51:17', 67, NULL, 1),
(520, '18IT322', 25, 5, 3, 5, 3, 0, 6, 6, 2, 5, 5, 4, 9, 3, 3, 1, 1, 0, 3, 1, 0, 2, 2, 1, '2019-12-16 04:22:03', '2019-12-16 06:51:17', 69, NULL, 1),
(521, '18IT324', 25, 9, 3, 5, 4, 2, 0, 0, 2, 4, 2, 5, 9, 0, 4, 1, 0, 2, 3, 3, 1, 7, 2, 1, '2019-12-16 04:22:03', '2019-12-16 06:51:23', 68, NULL, 1),
(522, '18IT325', 25, 9, 1, 5, 3, 2, 6, 6, 1, 5, 3, 5, 10, 5, 4, 1, 1, 2, 5, 0, 2, 5, 0, 1, '2019-12-16 04:22:03', '2019-12-16 06:51:24', 81, NULL, 1),
(523, '18IT328', 25, 10, 0, 5, 1, 2, 6, 6, 4, 2, 1, 4, 10, 2, 0, 0, 1, 1, 2, 1, 2, 5, 2, 1, '2019-12-16 04:22:03', '2019-12-16 06:51:25', 67, NULL, 1),
(524, '18IT329', 25, 6, 0, 4, 2, 0, 0, 6, 3, 2, 5, 4, 10, 4, 4, 1, 1, 2, 4, 3, 1, 6, 2, 1, '2019-12-16 04:22:03', '2019-12-16 06:51:26', 70, NULL, 1),
(525, '18IT332', 25, 10, 1, 1, 4, 2, 3, 6, 4, 3, 5, 3, 6, 4, 3, 1, 1, 1, 3, 3, 1, 1, 2, 1, '2019-12-16 04:22:03', '2019-12-16 06:51:27', 68, NULL, 1),
(526, '18IT333', 25, 8, 2, 5, 2, 2, 0, 4, 0, 5, 1, 5, 9, 5, 3, 1, 1, 1, 5, 3, 2, 4, 0, 1, '2019-12-16 04:22:03', '2019-12-16 06:51:34', 68, NULL, 1),
(527, '18IT334', 25, 10, 3, 5, 1, 1, 0, 6, 3, 4, 3, 4, 4, 2, 3, 1, 0, 1, 4, 3, 2, 7, 1, 1, '2019-12-16 04:22:03', '2019-12-16 06:51:37', 68, NULL, 1),
(528, '18IT335', 25, 10, 2, 5, 2, 2, 3, 4, 3, 5, 2, 4, 9, 5, 2, 1, 1, 2, 5, 3, 2, 7, 2, 1, '2019-12-16 04:22:03', '2019-12-16 06:51:40', 81, NULL, 1),
(529, '18IT336', 25, 3, 3, 5, 4, 1, 0, 5, 3, 4, 4, 5, 8, 1, 4, 0, 1, 0, 5, 0, 0, 7, 2, 1, '2019-12-16 04:22:03', '2019-12-16 06:51:41', 65, NULL, 1),
(530, '18IT337', 25, 9, 2, 5, 3, 2, 2, 5, 1, 5, 2, 0, 8, 3, 3, 1, 1, 1, 5, 2, 0, 5, 0, 1, '2019-12-16 04:22:03', '2019-12-16 06:51:44', 65, NULL, 1),
(531, '18IT340', 25, 10, 3, 5, 0, 0, 2, 3, 3, 3, 2, 3, 6, 5, 4, 1, 0, 2, 4, 2, 1, 7, 0, 1, '2019-12-16 04:22:03', '2019-12-16 06:51:48', 66, NULL, 1),
(532, '18IT341', 25, 10, 3, 5, 2, 2, 3, 5, 4, 5, 4, 3, 10, 4, 4, 0, 1, 0, 5, 0, 1, 1, 0, 1, '2019-12-16 04:22:03', '2019-12-16 06:51:49', 72, NULL, 1),
(533, '18IT342', 25, 6, 3, 3, 1, 2, 0, 4, 4, 3, 5, 3, 8, 2, 2, 1, 1, 3, 3, 2, 2, 7, 2, 1, '2019-12-16 04:22:03', '2019-12-16 06:51:51', 67, NULL, 1),
(534, '18IT345', 25, 6, 3, 3, 3, 2, 2, 5, 0, 2, 4, 4, 6, 3, 3, 0, 1, 2, 5, 3, 2, 6, 1, 1, '2019-12-16 04:22:03', '2019-12-16 06:51:54', 66, NULL, 1),
(535, '18IT346', 25, 8, 3, 5, 1, 1, 3, 5, 3, 3, 4, 4, 8, 5, 3, 1, 1, 3, 2, 1, 1, 8, 2, 1, '2019-12-16 04:22:03', '2019-12-16 06:51:54', 75, NULL, 1),
(536, '18IT347', 25, 7, 1, 2, 4, 1, 2, 6, 4, 3, 2, 5, 9, 4, 0, 0, 0, 3, 3, 0, 1, 8, 1, 1, '2019-12-16 04:22:03', '2019-12-16 06:51:55', 66, NULL, 1),
(537, '18IT348', 25, 4, 2, 4, 1, 2, 0, 5, 4, 5, 5, 5, 5, 4, 3, 1, 0, 4, 4, 0, 2, 7, 0, 1, '2019-12-16 04:22:03', '2019-12-16 06:51:56', 67, NULL, 1),
(538, '18IT349', 25, 8, 3, 2, 3, 0, 3, 2, 3, 2, 2, 1, 10, 3, 4, 1, 0, 4, 5, 3, 0, 7, 2, 1, '2019-12-16 04:22:03', '2019-12-16 06:52:00', 68, NULL, 1),
(539, '18IT350', 25, 6, 2, 4, 1, 1, 2, 5, 4, 0, 1, 3, 10, 5, 4, 0, 0, 2, 5, 3, 1, 7, 2, 1, '2019-12-16 04:22:03', '2019-12-16 06:52:01', 68, NULL, 1),
(540, '18IT351', 25, 7, 1, 2, 4, 1, 3, 4, 3, 5, 4, 1, 9, 4, 0, 0, 1, 4, 5, 0, 2, 6, 0, 1, '2019-12-16 04:22:03', '2019-12-16 06:52:03', 66, NULL, 1),
(541, '18IT352', 25, 8, 3, 2, 4, 2, 6, 1, 1, 3, 5, 2, 6, 5, 4, 0, 0, 4, 4, 0, 0, 7, 2, 1, '2019-12-16 04:22:03', '2019-12-16 06:52:03', 69, NULL, 1),
(542, '18IT354', 25, 7, 1, 2, 0, 0, 0, 5, 4, 3, 5, 5, 10, 5, 4, 1, 1, 2, 5, 2, 1, 2, 2, 1, '2019-12-16 04:22:03', '2019-12-16 06:52:10', 67, NULL, 1),
(543, '18IT355', 25, 10, 2, 3, 3, 2, 3, 4, 4, 3, 2, 4, 9, 2, 4, 1, 1, 1, 4, 2, 1, 3, 2, 1, '2019-12-16 04:22:03', '2019-12-16 06:52:17', 70, NULL, 1),
(544, '18IT356', 25, 10, 0, 0, 2, 1, 0, 5, 4, 5, 4, 5, 5, 5, 4, 1, 0, 2, 3, 2, 2, 4, 2, 1, '2019-12-16 04:22:03', '2019-12-16 06:55:38', 66, NULL, 1),
(545, '18IT359', 25, 7, 3, 2, 1, 0, 6, 4, 2, 2, 5, 1, 8, 0, 4, 1, 0, 4, 2, 1, 2, 8, 2, 1, '2019-12-16 04:22:03', '2019-12-16 06:55:42', 65, NULL, 1),
(546, '18IT360', 25, 6, 3, 5, 2, 2, 2, 6, 4, 5, 4, 5, 7, 2, 4, 1, 0, 0, 5, 2, 0, 1, 1, 1, '2019-12-16 04:22:03', '2019-12-16 06:55:43', 67, NULL, 1),
(547, '18IT361', 25, 10, 2, 5, 1, 1, 6, 6, 3, 2, 2, 4, 3, 3, 2, 0, 1, 2, 1, 3, 2, 5, 1, 1, '2019-12-16 04:22:03', '2019-12-16 06:55:49', 65, NULL, 1),
(548, '18IT362', 25, 8, 3, 2, 4, 2, 3, 4, 4, 1, 5, 0, 9, 0, 4, 0, 0, 4, 2, 3, 2, 7, 2, 1, '2019-12-16 04:22:03', '2019-12-16 06:55:53', 69, NULL, 1),
(549, '18IT363', 25, 8, 3, 5, 3, 2, 2, 5, 3, 0, 3, 3, 10, 3, 2, 1, 1, 2, 1, 3, 1, 5, 0, 1, '2019-12-16 04:22:03', '2019-12-16 06:55:58', 66, NULL, 1),
(550, '18IT365', 25, 10, 0, 5, 4, 2, 6, 6, 0, 3, 4, 2, 4, 2, 3, 0, 0, 4, 5, 3, 1, 6, 1, 1, '2019-12-16 04:22:03', '2019-12-16 06:55:59', 71, NULL, 1),
(1049, '18IT262', 33, NULL, NULL, NULL, NULL, NULL, NULL, NULL, NULL, NULL, NULL, NULL, NULL, NULL, NULL, NULL, NULL, NULL, NULL, NULL, NULL, NULL, NULL, 0, '2020-01-06 09:15:11', '2020-01-06 09:15:11', 0, NULL, 1),
(1050, '18IT263', 33, NULL, NULL, NULL, NULL, NULL, NULL, NULL, NULL, NULL, NULL, NULL, NULL, NULL, NULL, NULL, NULL, NULL, NULL, NULL, NULL, NULL, NULL, 0, '2020-01-06 09:15:11', '2020-01-06 09:15:11', 0, NULL, 1),
(1051, '18IT264', 33, NULL, NULL, NULL, NULL, NULL, NULL, NULL, NULL, NULL, NULL, NULL, NULL, NULL, NULL, NULL, NULL, NULL, NULL, NULL, NULL, NULL, NULL, 0, '2020-01-06 09:15:11', '2020-01-06 09:15:11', 0, NULL, 1),
(1052, '18IT265', 33, NULL, NULL, NULL, NULL, NULL, NULL, NULL, NULL, NULL, NULL, NULL, NULL, NULL, NULL, NULL, NULL, NULL, NULL, NULL, NULL, NULL, NULL, 0, '2020-01-06 09:15:11', '2020-01-06 09:15:11', 0, NULL, 1),
(1053, '18IT266', 33, NULL, NULL, NULL, NULL, NULL, NULL, NULL, NULL, NULL, NULL, NULL, NULL, NULL, NULL, NULL, NULL, NULL, NULL, NULL, NULL, NULL, NULL, 0, '2020-01-06 09:15:11', '2020-01-06 09:15:11', 0, NULL, 1),
(1054, '18IT267', 33, NULL, NULL, NULL, NULL, NULL, NULL, NULL, NULL, NULL, NULL, NULL, NULL, NULL, NULL, NULL, NULL, NULL, NULL, NULL, NULL, NULL, NULL, 0, '2020-01-06 09:15:11', '2020-01-06 09:15:20', 0, 'Nghỉ học', 0),
(1055, '18IT268', 33, NULL, NULL, NULL, NULL, NULL, NULL, NULL, NULL, NULL, NULL, NULL, NULL, NULL, NULL, NULL, NULL, NULL, NULL, NULL, NULL, NULL, NULL, 0, '2020-01-06 09:15:11', '2020-01-06 09:15:11', 0, NULL, 1),
(1056, '18IT269', 33, NULL, NULL, NULL, NULL, NULL, NULL, NULL, NULL, NULL, NULL, NULL, NULL, NULL, NULL, NULL, NULL, NULL, NULL, NULL, NULL, NULL, NULL, 0, '2020-01-06 09:15:11', '2020-01-06 09:15:11', 0, NULL, 1),
(1057, '18IT270', 33, NULL, NULL, NULL, NULL, NULL, NULL, NULL, NULL, NULL, NULL, NULL, NULL, NULL, NULL, NULL, NULL, NULL, NULL, NULL, NULL, NULL, NULL, 0, '2020-01-06 09:15:11', '2020-01-06 09:15:11', 0, NULL, 1),
(1058, '18IT271', 33, NULL, NULL, NULL, NULL, NULL, NULL, NULL, NULL, NULL, NULL, NULL, NULL, NULL, NULL, NULL, NULL, NULL, NULL, NULL, NULL, NULL, NULL, 0, '2020-01-06 09:15:11', '2020-01-06 09:15:11', 0, NULL, 1),
(1059, '18IT272', 33, NULL, NULL, NULL, NULL, NULL, NULL, NULL, NULL, NULL, NULL, NULL, NULL, NULL, NULL, NULL, NULL, NULL, NULL, NULL, NULL, NULL, NULL, 0, '2020-01-06 09:15:11', '2020-01-06 09:15:11', 0, NULL, 1),
(1060, '18IT273', 33, NULL, NULL, NULL, NULL, NULL, NULL, NULL, NULL, NULL, NULL, NULL, NULL, NULL, NULL, NULL, NULL, NULL, NULL, NULL, NULL, NULL, NULL, 0, '2020-01-06 09:15:11', '2020-01-06 09:15:11', 0, NULL, 1),
(1061, '18IT274', 33, NULL, NULL, NULL, NULL, NULL, NULL, NULL, NULL, NULL, NULL, NULL, NULL, NULL, NULL, NULL, NULL, NULL, NULL, NULL, NULL, NULL, NULL, 0, '2020-01-06 09:15:11', '2020-01-06 09:15:11', 0, NULL, 1),
(1062, '18IT275', 33, NULL, NULL, NULL, NULL, NULL, NULL, NULL, NULL, NULL, NULL, NULL, NULL, NULL, NULL, NULL, NULL, NULL, NULL, NULL, NULL, NULL, NULL, 0, '2020-01-06 09:15:11', '2020-01-06 09:15:11', 0, NULL, 1),
(1063, '18IT276', 33, NULL, NULL, NULL, NULL, NULL, NULL, NULL, NULL, NULL, NULL, NULL, NULL, NULL, NULL, NULL, NULL, NULL, NULL, NULL, NULL, NULL, NULL, 0, '2020-01-06 09:15:11', '2020-01-06 09:15:11', 0, NULL, 1),
(1064, '18IT277', 33, NULL, NULL, NULL, NULL, NULL, NULL, NULL, NULL, NULL, NULL, NULL, NULL, NULL, NULL, NULL, NULL, NULL, NULL, NULL, NULL, NULL, NULL, 0, '2020-01-06 09:15:11', '2020-01-06 09:15:11', 0, NULL, 1),
(1065, '18IT278', 33, NULL, NULL, NULL, NULL, NULL, NULL, NULL, NULL, NULL, NULL, NULL, NULL, NULL, NULL, NULL, NULL, NULL, NULL, NULL, NULL, NULL, NULL, 0, '2020-01-06 09:15:11', '2020-01-06 09:15:11', 0, NULL, 1),
(1066, '18IT279', 33, NULL, NULL, NULL, NULL, NULL, NULL, NULL, NULL, NULL, NULL, NULL, NULL, NULL, NULL, NULL, NULL, NULL, NULL, NULL, NULL, NULL, NULL, 0, '2020-01-06 09:15:11', '2020-01-06 09:15:11', 0, NULL, 1),
(1067, '18IT280', 33, NULL, NULL, NULL, NULL, NULL, NULL, NULL, NULL, NULL, NULL, NULL, NULL, NULL, NULL, NULL, NULL, NULL, NULL, NULL, NULL, NULL, NULL, 0, '2020-01-06 09:15:11', '2020-01-06 09:15:11', 0, NULL, 1),
(1068, '18IT281', 33, NULL, NULL, NULL, NULL, NULL, NULL, NULL, NULL, NULL, NULL, NULL, NULL, NULL, NULL, NULL, NULL, NULL, NULL, NULL, NULL, NULL, NULL, 0, '2020-01-06 09:15:11', '2020-01-06 09:15:11', 0, NULL, 1),
(1069, '18IT282', 33, NULL, NULL, NULL, NULL, NULL, NULL, NULL, NULL, NULL, NULL, NULL, NULL, NULL, NULL, NULL, NULL, NULL, NULL, NULL, NULL, NULL, NULL, 0, '2020-01-06 09:15:11', '2020-01-06 09:15:11', 0, NULL, 1),
(1070, '18IT283', 33, NULL, NULL, NULL, NULL, NULL, NULL, NULL, NULL, NULL, NULL, NULL, NULL, NULL, NULL, NULL, NULL, NULL, NULL, NULL, NULL, NULL, NULL, 0, '2020-01-06 09:15:11', '2020-01-06 09:15:11', 0, NULL, 1),
(1071, '18IT284', 33, NULL, NULL, NULL, NULL, NULL, NULL, NULL, NULL, NULL, NULL, NULL, NULL, NULL, NULL, NULL, NULL, NULL, NULL, NULL, NULL, NULL, NULL, 0, '2020-01-06 09:15:11', '2020-01-06 09:15:11', 0, NULL, 1),
(1072, '18IT285', 33, NULL, NULL, NULL, NULL, NULL, NULL, NULL, NULL, NULL, NULL, NULL, NULL, NULL, NULL, NULL, NULL, NULL, NULL, NULL, NULL, NULL, NULL, 0, '2020-01-06 09:15:11', '2020-01-06 09:15:11', 0, NULL, 1),
(1073, '18IT286', 33, NULL, NULL, NULL, NULL, NULL, NULL, NULL, NULL, NULL, NULL, NULL, NULL, NULL, NULL, NULL, NULL, NULL, NULL, NULL, NULL, NULL, NULL, 0, '2020-01-06 09:15:11', '2020-01-06 09:15:11', 0, NULL, 1),
(1074, '18IT287', 33, NULL, NULL, NULL, NULL, NULL, NULL, NULL, NULL, NULL, NULL, NULL, NULL, NULL, NULL, NULL, NULL, NULL, NULL, NULL, NULL, NULL, NULL, 0, '2020-01-06 09:15:11', '2020-01-06 09:15:11', 0, NULL, 1),
(1075, '18IT288', 33, NULL, NULL, NULL, NULL, NULL, NULL, NULL, NULL, NULL, NULL, NULL, NULL, NULL, NULL, NULL, NULL, NULL, NULL, NULL, NULL, NULL, NULL, 0, '2020-01-06 09:15:11', '2020-01-06 09:15:11', 0, NULL, 1),
(1076, '18IT289', 33, NULL, NULL, NULL, NULL, NULL, NULL, NULL, NULL, NULL, NULL, NULL, NULL, NULL, NULL, NULL, NULL, NULL, NULL, NULL, NULL, NULL, NULL, 0, '2020-01-06 09:15:11', '2020-01-06 09:15:11', 0, NULL, 1),
(1077, '18IT290', 33, NULL, NULL, NULL, NULL, NULL, NULL, NULL, NULL, NULL, NULL, NULL, NULL, NULL, NULL, NULL, NULL, NULL, NULL, NULL, NULL, NULL, NULL, 0, '2020-01-06 09:15:11', '2020-01-06 09:15:11', 0, NULL, 1),
(1078, '18IT291', 33, NULL, NULL, NULL, NULL, NULL, NULL, NULL, NULL, NULL, NULL, NULL, NULL, NULL, NULL, NULL, NULL, NULL, NULL, NULL, NULL, NULL, NULL, 0, '2020-01-06 09:15:11', '2020-01-06 09:15:11', 0, NULL, 1),
(1079, '18IT292', 33, NULL, NULL, NULL, NULL, NULL, NULL, NULL, NULL, NULL, NULL, NULL, NULL, NULL, NULL, NULL, NULL, NULL, NULL, NULL, NULL, NULL, NULL, 0, '2020-01-06 09:15:11', '2020-01-06 09:15:11', 0, NULL, 1),
(1080, '18IT293', 33, NULL, NULL, NULL, NULL, NULL, NULL, NULL, NULL, NULL, NULL, NULL, NULL, NULL, NULL, NULL, NULL, NULL, NULL, NULL, NULL, NULL, NULL, 0, '2020-01-06 09:15:11', '2020-01-06 09:15:11', 0, NULL, 1),
(1081, '18IT294', 33, NULL, NULL, NULL, NULL, NULL, NULL, NULL, NULL, NULL, NULL, NULL, NULL, NULL, NULL, NULL, NULL, NULL, NULL, NULL, NULL, NULL, NULL, 0, '2020-01-06 09:15:11', '2020-01-06 09:15:11', 0, NULL, 1),
(1082, '18IT295', 33, NULL, NULL, NULL, NULL, NULL, NULL, NULL, NULL, NULL, NULL, NULL, NULL, NULL, NULL, NULL, NULL, NULL, NULL, NULL, NULL, NULL, NULL, 0, '2020-01-06 09:15:11', '2020-01-06 09:15:11', 0, NULL, 1),
(1083, '18IT296', 33, NULL, NULL, NULL, NULL, NULL, NULL, NULL, NULL, NULL, NULL, NULL, NULL, NULL, NULL, NULL, NULL, NULL, NULL, NULL, NULL, NULL, NULL, 0, '2020-01-06 09:15:11', '2020-01-06 09:15:11', 0, NULL, 1),
(1084, '18IT297', 33, NULL, NULL, NULL, NULL, NULL, NULL, NULL, NULL, NULL, NULL, NULL, NULL, NULL, NULL, NULL, NULL, NULL, NULL, NULL, NULL, NULL, NULL, 0, '2020-01-06 09:15:11', '2020-01-06 09:15:11', 0, NULL, 1),
(1085, '18IT298', 33, NULL, NULL, NULL, NULL, NULL, NULL, NULL, NULL, NULL, NULL, NULL, NULL, NULL, NULL, NULL, NULL, NULL, NULL, NULL, NULL, NULL, NULL, 0, '2020-01-06 09:15:11', '2020-01-06 09:15:11', 0, NULL, 1),
(1086, '18IT299', 33, NULL, NULL, NULL, NULL, NULL, NULL, NULL, NULL, NULL, NULL, NULL, NULL, NULL, NULL, NULL, NULL, NULL, NULL, NULL, NULL, NULL, NULL, 0, '2020-01-06 09:15:11', '2020-01-06 09:15:11', 0, NULL, 1),
(1087, '18IT300', 33, NULL, NULL, NULL, NULL, NULL, NULL, NULL, NULL, NULL, NULL, NULL, NULL, NULL, NULL, NULL, NULL, NULL, NULL, NULL, NULL, NULL, NULL, 0, '2020-01-06 09:15:11', '2020-01-06 09:15:11', 0, NULL, 1),
(1088, '18IT301', 33, NULL, NULL, NULL, NULL, NULL, NULL, NULL, NULL, NULL, NULL, NULL, NULL, NULL, NULL, NULL, NULL, NULL, NULL, NULL, NULL, NULL, NULL, 0, '2020-01-06 09:15:11', '2020-01-06 09:15:11', 0, NULL, 1),
(1089, '18IT302', 33, NULL, NULL, NULL, NULL, NULL, NULL, NULL, NULL, NULL, NULL, NULL, NULL, NULL, NULL, NULL, NULL, NULL, NULL, NULL, NULL, NULL, NULL, 0, '2020-01-06 09:15:11', '2020-01-06 09:15:11', 0, NULL, 1),
(1090, '18IT303', 33, NULL, NULL, NULL, NULL, NULL, NULL, NULL, NULL, NULL, NULL, NULL, NULL, NULL, NULL, NULL, NULL, NULL, NULL, NULL, NULL, NULL, NULL, 0, '2020-01-06 09:15:11', '2020-01-06 09:15:11', 0, NULL, 1),
(1091, '18IT304', 33, NULL, NULL, NULL, NULL, NULL, NULL, NULL, NULL, NULL, NULL, NULL, NULL, NULL, NULL, NULL, NULL, NULL, NULL, NULL, NULL, NULL, NULL, 0, '2020-01-06 09:15:11', '2020-01-06 09:15:11', 0, NULL, 1),
(1092, '18IT305', 33, NULL, NULL, NULL, NULL, NULL, NULL, NULL, NULL, NULL, NULL, NULL, NULL, NULL, NULL, NULL, NULL, NULL, NULL, NULL, NULL, NULL, NULL, 0, '2020-01-06 09:15:11', '2020-01-06 09:15:11', 0, NULL, 1),
(1093, '18IT308', 33, NULL, NULL, NULL, NULL, NULL, NULL, NULL, NULL, NULL, NULL, NULL, NULL, NULL, NULL, NULL, NULL, NULL, NULL, NULL, NULL, NULL, NULL, 0, '2020-01-06 09:15:11', '2020-01-06 09:15:11', 0, NULL, 1),
(1094, '18IT309', 33, NULL, NULL, NULL, NULL, NULL, NULL, NULL, NULL, NULL, NULL, NULL, NULL, NULL, NULL, NULL, NULL, NULL, NULL, NULL, NULL, NULL, NULL, 0, '2020-01-06 09:15:11', '2020-01-06 09:15:11', 0, NULL, 1),
(1095, '18IT313', 33, NULL, NULL, NULL, NULL, NULL, NULL, NULL, NULL, NULL, NULL, NULL, NULL, NULL, NULL, NULL, NULL, NULL, NULL, NULL, NULL, NULL, NULL, 0, '2020-01-06 09:15:11', '2020-01-06 09:15:11', 0, NULL, 1),
(1096, '18IT317', 33, NULL, NULL, NULL, NULL, NULL, NULL, NULL, NULL, NULL, NULL, NULL, NULL, NULL, NULL, NULL, NULL, NULL, NULL, NULL, NULL, NULL, NULL, 0, '2020-01-06 09:15:11', '2020-01-06 09:15:11', 0, NULL, 1),
(1097, '18IT318', 33, NULL, NULL, NULL, NULL, NULL, NULL, NULL, NULL, NULL, NULL, NULL, NULL, NULL, NULL, NULL, NULL, NULL, NULL, NULL, NULL, NULL, NULL, 0, '2020-01-06 09:15:11', '2020-01-06 09:15:11', 0, NULL, 1),
(1098, '18IT319', 33, NULL, NULL, NULL, NULL, NULL, NULL, NULL, NULL, NULL, NULL, NULL, NULL, NULL, NULL, NULL, NULL, NULL, NULL, NULL, NULL, NULL, NULL, 0, '2020-01-06 09:15:11', '2020-01-06 09:15:11', 0, NULL, 1),
(1099, '18IT320', 33, NULL, NULL, NULL, NULL, NULL, NULL, NULL, NULL, NULL, NULL, NULL, NULL, NULL, NULL, NULL, NULL, NULL, NULL, NULL, NULL, NULL, NULL, 0, '2020-01-06 09:15:11', '2020-01-06 09:15:11', 0, NULL, 1),
(1100, '18IT321', 33, NULL, NULL, NULL, NULL, NULL, NULL, NULL, NULL, NULL, NULL, NULL, NULL, NULL, NULL, NULL, NULL, NULL, NULL, NULL, NULL, NULL, NULL, 0, '2020-01-06 09:15:11', '2020-01-06 09:15:11', 0, NULL, 1),
(1101, '18IT322', 33, NULL, NULL, NULL, NULL, NULL, NULL, NULL, NULL, NULL, NULL, NULL, NULL, NULL, NULL, NULL, NULL, NULL, NULL, NULL, NULL, NULL, NULL, 0, '2020-01-06 09:15:11', '2020-01-06 09:15:11', 0, NULL, 1),
(1102, '18IT324', 33, NULL, NULL, NULL, NULL, NULL, NULL, NULL, NULL, NULL, NULL, NULL, NULL, NULL, NULL, NULL, NULL, NULL, NULL, NULL, NULL, NULL, NULL, 0, '2020-01-06 09:15:11', '2020-01-06 09:15:11', 0, NULL, 1),
(1103, '18IT325', 33, NULL, NULL, NULL, NULL, NULL, NULL, NULL, NULL, NULL, NULL, NULL, NULL, NULL, NULL, NULL, NULL, NULL, NULL, NULL, NULL, NULL, NULL, 0, '2020-01-06 09:15:11', '2020-01-06 09:15:11', 0, NULL, 1),
(1104, '18IT328', 33, NULL, NULL, NULL, NULL, NULL, NULL, NULL, NULL, NULL, NULL, NULL, NULL, NULL, NULL, NULL, NULL, NULL, NULL, NULL, NULL, NULL, NULL, 0, '2020-01-06 09:15:11', '2020-01-06 09:15:11', 0, NULL, 1),
(1105, '18IT329', 33, NULL, NULL, NULL, NULL, NULL, NULL, NULL, NULL, NULL, NULL, NULL, NULL, NULL, NULL, NULL, NULL, NULL, NULL, NULL, NULL, NULL, NULL, 0, '2020-01-06 09:15:11', '2020-01-06 09:15:11', 0, NULL, 1),
(1106, '18IT332', 33, NULL, NULL, NULL, NULL, NULL, NULL, NULL, NULL, NULL, NULL, NULL, NULL, NULL, NULL, NULL, NULL, NULL, NULL, NULL, NULL, NULL, NULL, 0, '2020-01-06 09:15:11', '2020-01-06 09:15:11', 0, NULL, 1),
(1107, '18IT333', 33, NULL, NULL, NULL, NULL, NULL, NULL, NULL, NULL, NULL, NULL, NULL, NULL, NULL, NULL, NULL, NULL, NULL, NULL, NULL, NULL, NULL, NULL, 0, '2020-01-06 09:15:11', '2020-01-06 09:15:11', 0, NULL, 1),
(1108, '18IT334', 33, NULL, NULL, NULL, NULL, NULL, NULL, NULL, NULL, NULL, NULL, NULL, NULL, NULL, NULL, NULL, NULL, NULL, NULL, NULL, NULL, NULL, NULL, 0, '2020-01-06 09:15:11', '2020-01-06 09:15:11', 0, NULL, 1),
(1109, '18IT335', 33, NULL, NULL, NULL, NULL, NULL, NULL, NULL, NULL, NULL, NULL, NULL, NULL, NULL, NULL, NULL, NULL, NULL, NULL, NULL, NULL, NULL, NULL, 0, '2020-01-06 09:15:11', '2020-01-06 09:15:11', 0, NULL, 1),
(1110, '18IT336', 33, NULL, NULL, NULL, NULL, NULL, NULL, NULL, NULL, NULL, NULL, NULL, NULL, NULL, NULL, NULL, NULL, NULL, NULL, NULL, NULL, NULL, NULL, 0, '2020-01-06 09:15:11', '2020-01-06 09:15:11', 0, NULL, 1),
(1111, '18IT337', 33, NULL, NULL, NULL, NULL, NULL, NULL, NULL, NULL, NULL, NULL, NULL, NULL, NULL, NULL, NULL, NULL, NULL, NULL, NULL, NULL, NULL, NULL, 0, '2020-01-06 09:15:11', '2020-01-06 09:15:11', 0, NULL, 1),
(1112, '18IT340', 33, NULL, NULL, NULL, NULL, NULL, NULL, NULL, NULL, NULL, NULL, NULL, NULL, NULL, NULL, NULL, NULL, NULL, NULL, NULL, NULL, NULL, NULL, 0, '2020-01-06 09:15:11', '2020-01-06 09:15:11', 0, NULL, 1),
(1113, '18IT341', 33, NULL, NULL, NULL, NULL, NULL, NULL, NULL, NULL, NULL, NULL, NULL, NULL, NULL, NULL, NULL, NULL, NULL, NULL, NULL, NULL, NULL, NULL, 0, '2020-01-06 09:15:11', '2020-01-06 09:15:11', 0, NULL, 1),
(1114, '18IT342', 33, NULL, NULL, NULL, NULL, NULL, NULL, NULL, NULL, NULL, NULL, NULL, NULL, NULL, NULL, NULL, NULL, NULL, NULL, NULL, NULL, NULL, NULL, 0, '2020-01-06 09:15:11', '2020-01-06 09:15:11', 0, NULL, 1),
(1115, '18IT345', 33, NULL, NULL, NULL, NULL, NULL, NULL, NULL, NULL, NULL, NULL, NULL, NULL, NULL, NULL, NULL, NULL, NULL, NULL, NULL, NULL, NULL, NULL, 0, '2020-01-06 09:15:11', '2020-01-06 09:15:11', 0, NULL, 1),
(1116, '18IT346', 33, NULL, NULL, NULL, NULL, NULL, NULL, NULL, NULL, NULL, NULL, NULL, NULL, NULL, NULL, NULL, NULL, NULL, NULL, NULL, NULL, NULL, NULL, 0, '2020-01-06 09:15:11', '2020-01-06 09:15:11', 0, NULL, 1),
(1117, '18IT347', 33, NULL, NULL, NULL, NULL, NULL, NULL, NULL, NULL, NULL, NULL, NULL, NULL, NULL, NULL, NULL, NULL, NULL, NULL, NULL, NULL, NULL, NULL, 0, '2020-01-06 09:15:11', '2020-01-06 09:15:11', 0, NULL, 1),
(1118, '18IT348', 33, NULL, NULL, NULL, NULL, NULL, NULL, NULL, NULL, NULL, NULL, NULL, NULL, NULL, NULL, NULL, NULL, NULL, NULL, NULL, NULL, NULL, NULL, 0, '2020-01-06 09:15:11', '2020-01-06 09:15:11', 0, NULL, 1),
(1119, '18IT349', 33, NULL, NULL, NULL, NULL, NULL, NULL, NULL, NULL, NULL, NULL, NULL, NULL, NULL, NULL, NULL, NULL, NULL, NULL, NULL, NULL, NULL, NULL, 0, '2020-01-06 09:15:11', '2020-01-06 09:15:11', 0, NULL, 1),
(1120, '18IT350', 33, NULL, NULL, NULL, NULL, NULL, NULL, NULL, NULL, NULL, NULL, NULL, NULL, NULL, NULL, NULL, NULL, NULL, NULL, NULL, NULL, NULL, NULL, 0, '2020-01-06 09:15:11', '2020-01-06 09:15:11', 0, NULL, 1),
(1121, '18IT351', 33, NULL, NULL, NULL, NULL, NULL, NULL, NULL, NULL, NULL, NULL, NULL, NULL, NULL, NULL, NULL, NULL, NULL, NULL, NULL, NULL, NULL, NULL, 0, '2020-01-06 09:15:11', '2020-01-06 09:15:11', 0, NULL, 1),
(1122, '18IT352', 33, NULL, NULL, NULL, NULL, NULL, NULL, NULL, NULL, NULL, NULL, NULL, NULL, NULL, NULL, NULL, NULL, NULL, NULL, NULL, NULL, NULL, NULL, 0, '2020-01-06 09:15:11', '2020-01-06 09:15:11', 0, NULL, 1),
(1123, '18IT354', 33, NULL, NULL, NULL, NULL, NULL, NULL, NULL, NULL, NULL, NULL, NULL, NULL, NULL, NULL, NULL, NULL, NULL, NULL, NULL, NULL, NULL, NULL, 0, '2020-01-06 09:15:11', '2020-01-06 09:15:11', 0, NULL, 1),
(1124, '18IT355', 33, NULL, NULL, NULL, NULL, NULL, NULL, NULL, NULL, NULL, NULL, NULL, NULL, NULL, NULL, NULL, NULL, NULL, NULL, NULL, NULL, NULL, NULL, 0, '2020-01-06 09:15:11', '2020-01-06 09:15:11', 0, NULL, 1),
(1125, '18IT356', 33, NULL, NULL, NULL, NULL, NULL, NULL, NULL, NULL, NULL, NULL, NULL, NULL, NULL, NULL, NULL, NULL, NULL, NULL, NULL, NULL, NULL, NULL, 0, '2020-01-06 09:15:11', '2020-01-06 09:15:11', 0, NULL, 1),
(1126, '18IT359', 33, NULL, NULL, NULL, NULL, NULL, NULL, NULL, NULL, NULL, NULL, NULL, NULL, NULL, NULL, NULL, NULL, NULL, NULL, NULL, NULL, NULL, NULL, 0, '2020-01-06 09:15:11', '2020-01-06 09:15:11', 0, NULL, 1),
(1127, '18IT360', 33, NULL, NULL, NULL, NULL, NULL, NULL, NULL, NULL, NULL, NULL, NULL, NULL, NULL, NULL, NULL, NULL, NULL, NULL, NULL, NULL, NULL, NULL, 0, '2020-01-06 09:15:11', '2020-01-06 09:15:11', 0, NULL, 1),
(1128, '18IT361', 33, NULL, NULL, NULL, NULL, NULL, NULL, NULL, NULL, NULL, NULL, NULL, NULL, NULL, NULL, NULL, NULL, NULL, NULL, NULL, NULL, NULL, NULL, 0, '2020-01-06 09:15:11', '2020-01-06 09:15:11', 0, NULL, 1),
(1129, '18IT362', 33, NULL, NULL, NULL, NULL, NULL, NULL, NULL, NULL, NULL, NULL, NULL, NULL, NULL, NULL, NULL, NULL, NULL, NULL, NULL, NULL, NULL, NULL, 0, '2020-01-06 09:15:11', '2020-01-06 09:15:11', 0, NULL, 1),
(1130, '18IT363', 33, NULL, NULL, NULL, NULL, NULL, NULL, NULL, NULL, NULL, NULL, NULL, NULL, NULL, NULL, NULL, NULL, NULL, NULL, NULL, NULL, NULL, NULL, 0, '2020-01-06 09:15:11', '2020-01-06 09:15:11', 0, NULL, 1),
(1131, '18IT365', 33, NULL, NULL, NULL, NULL, NULL, NULL, NULL, NULL, NULL, NULL, NULL, NULL, NULL, NULL, NULL, NULL, NULL, NULL, NULL, NULL, NULL, NULL, 0, '2020-01-06 09:15:11', '2020-01-06 09:15:11', 0, NULL, 1),
(1132, '19IT001', 33, 0, 0, 0, 0, 0, 0, 0, 0, 0, 0, 0, 0, 0, 0, 0, 0, 0, 0, 0, 0, 8, 0, 1, '2020-01-06 09:15:11', '2020-01-06 09:34:55', 8, '', 1),
(1133, '19IT002', 33, NULL, NULL, NULL, NULL, NULL, NULL, NULL, NULL, NULL, NULL, NULL, NULL, NULL, NULL, NULL, NULL, NULL, NULL, NULL, NULL, NULL, NULL, 0, '2020-01-06 09:15:11', '2020-01-06 09:30:26', 0, '', 1),
(1134, '19IT003', 33, NULL, NULL, NULL, NULL, NULL, NULL, NULL, NULL, NULL, NULL, NULL, NULL, NULL, NULL, NULL, NULL, NULL, NULL, NULL, NULL, NULL, NULL, 0, '2020-01-06 09:15:11', '2020-01-06 09:30:35', 0, '', 1),
(1135, '19IT006', 33, NULL, NULL, NULL, NULL, NULL, NULL, NULL, NULL, NULL, NULL, NULL, NULL, NULL, NULL, NULL, NULL, NULL, NULL, NULL, NULL, NULL, NULL, 0, '2020-01-06 09:15:11', '2020-01-06 09:30:27', 0, '', 1),
(1136, '19IT007', 33, NULL, NULL, NULL, NULL, NULL, NULL, NULL, NULL, NULL, NULL, NULL, NULL, NULL, NULL, NULL, NULL, NULL, NULL, NULL, NULL, NULL, NULL, 0, '2020-01-06 09:15:11', '2020-01-06 09:30:36', 0, '', 1),
(1137, '19IT008', 33, NULL, NULL, NULL, NULL, NULL, NULL, NULL, NULL, NULL, NULL, NULL, NULL, NULL, NULL, NULL, NULL, NULL, NULL, NULL, NULL, NULL, NULL, 0, '2020-01-06 09:15:11', '2020-01-06 09:30:30', 0, '', 1),
(1138, '19IT009', 33, NULL, NULL, NULL, NULL, NULL, NULL, NULL, NULL, NULL, NULL, NULL, NULL, NULL, NULL, NULL, NULL, NULL, NULL, NULL, NULL, NULL, NULL, 0, '2020-01-06 09:15:11', '2020-01-06 09:30:31', 0, '', 1),
(1139, '19IT010', 33, NULL, NULL, NULL, NULL, NULL, NULL, NULL, NULL, NULL, NULL, NULL, NULL, NULL, NULL, NULL, NULL, NULL, NULL, NULL, NULL, NULL, NULL, 0, '2020-01-06 09:15:11', '2020-01-06 09:30:30', 0, '', 1),
(1140, '19IT011', 33, NULL, NULL, NULL, NULL, NULL, NULL, NULL, NULL, NULL, NULL, NULL, NULL, NULL, NULL, NULL, NULL, NULL, NULL, NULL, NULL, NULL, NULL, 0, '2020-01-06 09:15:11', '2020-01-06 09:30:38', 0, '', 1),
(1141, '19IT012', 33, NULL, NULL, NULL, NULL, NULL, NULL, NULL, NULL, NULL, NULL, NULL, NULL, NULL, NULL, NULL, NULL, NULL, NULL, NULL, NULL, NULL, NULL, 0, '2020-01-06 09:15:11', '2020-01-06 09:15:11', 0, NULL, 1),
(1142, '19IT013', 33, NULL, NULL, NULL, NULL, NULL, NULL, NULL, NULL, NULL, NULL, NULL, NULL, NULL, NULL, NULL, NULL, NULL, NULL, NULL, NULL, NULL, NULL, 0, '2020-01-06 09:15:11', '2020-01-06 09:15:11', 0, NULL, 1),
(1143, '19IT014', 33, NULL, NULL, NULL, NULL, NULL, NULL, NULL, NULL, NULL, NULL, NULL, NULL, NULL, NULL, NULL, NULL, NULL, NULL, NULL, NULL, NULL, NULL, 0, '2020-01-06 09:15:11', '2020-01-06 09:15:11', 0, NULL, 1),
(1144, '19IT016', 33, NULL, NULL, NULL, NULL, NULL, NULL, NULL, NULL, NULL, NULL, NULL, NULL, NULL, NULL, NULL, NULL, NULL, NULL, NULL, NULL, NULL, NULL, 0, '2020-01-06 09:15:11', '2020-01-06 09:15:11', 0, NULL, 1),
(1145, '19IT017', 33, NULL, NULL, NULL, NULL, NULL, NULL, NULL, NULL, NULL, NULL, NULL, NULL, NULL, NULL, NULL, NULL, NULL, NULL, NULL, NULL, NULL, NULL, 0, '2020-01-06 09:15:11', '2020-01-06 09:15:11', 0, NULL, 1),
(1146, '19IT018', 33, NULL, NULL, NULL, NULL, NULL, NULL, NULL, NULL, NULL, NULL, NULL, NULL, NULL, NULL, NULL, NULL, NULL, NULL, NULL, NULL, NULL, NULL, 0, '2020-01-06 09:15:11', '2020-01-06 09:15:11', 0, NULL, 1),
(1147, '19IT019', 33, NULL, NULL, NULL, NULL, NULL, NULL, NULL, NULL, NULL, NULL, NULL, NULL, NULL, NULL, NULL, NULL, NULL, NULL, NULL, NULL, NULL, NULL, 0, '2020-01-06 09:15:11', '2020-01-06 09:15:11', 0, NULL, 1),
(1148, '19IT020', 33, NULL, NULL, NULL, NULL, NULL, NULL, NULL, NULL, NULL, NULL, NULL, NULL, NULL, NULL, NULL, NULL, NULL, NULL, NULL, NULL, NULL, NULL, 0, '2020-01-06 09:15:11', '2020-01-06 09:15:11', 0, NULL, 1),
(1149, '19IT021', 33, NULL, NULL, NULL, NULL, NULL, NULL, NULL, NULL, NULL, NULL, NULL, NULL, NULL, NULL, NULL, NULL, NULL, NULL, NULL, NULL, NULL, NULL, 0, '2020-01-06 09:15:11', '2020-01-06 09:15:11', 0, NULL, 1),
(1150, '19IT022', 33, 0, 0, 0, 0, 0, 0, 0, 0, 0, 0, 0, 0, 0, 0, 0, 0, 0, 0, 0, 0, 8, 0, 1, '2020-01-06 09:15:11', '2020-01-06 09:30:44', 8, NULL, 1),
(1151, '19IT023', 33, NULL, NULL, NULL, NULL, NULL, NULL, NULL, NULL, NULL, NULL, NULL, NULL, NULL, NULL, NULL, NULL, NULL, NULL, NULL, NULL, NULL, NULL, 0, '2020-01-06 09:15:11', '2020-01-06 09:15:11', 0, NULL, 1),
(1152, '19IT025', 33, NULL, NULL, NULL, NULL, NULL, NULL, NULL, NULL, NULL, NULL, NULL, NULL, NULL, NULL, NULL, NULL, NULL, NULL, NULL, NULL, NULL, NULL, 0, '2020-01-06 09:15:11', '2020-01-06 09:15:11', 0, NULL, 1),
(1153, '19IT026', 33, NULL, NULL, NULL, NULL, NULL, NULL, NULL, NULL, NULL, NULL, NULL, NULL, NULL, NULL, NULL, NULL, NULL, NULL, NULL, NULL, NULL, NULL, 0, '2020-01-06 09:15:11', '2020-01-06 09:15:11', 0, NULL, 1),
(1154, '19IT027', 33, NULL, NULL, NULL, NULL, NULL, NULL, NULL, NULL, NULL, NULL, NULL, NULL, NULL, NULL, NULL, NULL, NULL, NULL, NULL, NULL, NULL, NULL, 0, '2020-01-06 09:15:11', '2020-01-06 09:15:11', 0, NULL, 1),
(1155, '19IT028', 33, NULL, NULL, NULL, NULL, NULL, NULL, NULL, NULL, NULL, NULL, NULL, NULL, NULL, NULL, NULL, NULL, NULL, NULL, NULL, NULL, NULL, NULL, 0, '2020-01-06 09:15:11', '2020-01-06 09:15:11', 0, NULL, 1),
(1156, '19IT030', 33, NULL, NULL, NULL, NULL, NULL, NULL, NULL, NULL, NULL, NULL, NULL, NULL, NULL, NULL, NULL, NULL, NULL, NULL, NULL, NULL, NULL, NULL, 0, '2020-01-06 09:15:11', '2020-01-06 09:15:11', 0, NULL, 1),
(1157, '19IT031', 33, NULL, NULL, NULL, NULL, NULL, NULL, NULL, NULL, NULL, NULL, NULL, NULL, NULL, NULL, NULL, NULL, NULL, NULL, NULL, NULL, NULL, NULL, 0, '2020-01-06 09:15:11', '2020-01-06 09:15:11', 0, NULL, 1),
(1158, '19IT032', 33, NULL, NULL, NULL, NULL, NULL, NULL, NULL, NULL, NULL, NULL, NULL, NULL, NULL, NULL, NULL, NULL, NULL, NULL, NULL, NULL, NULL, NULL, 0, '2020-01-06 09:15:11', '2020-01-06 09:15:11', 0, NULL, 1),
(1159, '19IT033', 33, NULL, NULL, NULL, NULL, NULL, NULL, NULL, NULL, NULL, NULL, NULL, NULL, NULL, NULL, NULL, NULL, NULL, NULL, NULL, NULL, NULL, NULL, 0, '2020-01-06 09:15:11', '2020-01-06 09:15:11', 0, NULL, 1),
(1160, '19IT034', 33, NULL, NULL, NULL, NULL, NULL, NULL, NULL, NULL, NULL, NULL, NULL, NULL, NULL, NULL, NULL, NULL, NULL, NULL, NULL, NULL, NULL, NULL, 0, '2020-01-06 09:15:11', '2020-01-06 09:15:11', 0, NULL, 1),
(1161, '19IT035', 33, NULL, NULL, NULL, NULL, NULL, NULL, NULL, NULL, NULL, NULL, NULL, NULL, NULL, NULL, NULL, NULL, NULL, NULL, NULL, NULL, NULL, NULL, 0, '2020-01-06 09:15:11', '2020-01-06 09:15:11', 0, NULL, 1),
(1162, '19IT036', 33, NULL, NULL, NULL, NULL, NULL, NULL, NULL, NULL, NULL, NULL, NULL, NULL, NULL, NULL, NULL, NULL, NULL, NULL, NULL, NULL, NULL, NULL, 0, '2020-01-06 09:15:11', '2020-01-06 09:15:11', 0, NULL, 1),
(1163, '19IT037', 33, NULL, NULL, NULL, NULL, NULL, NULL, NULL, NULL, NULL, NULL, NULL, NULL, NULL, NULL, NULL, NULL, NULL, NULL, NULL, NULL, NULL, NULL, 0, '2020-01-06 09:15:11', '2020-01-06 09:15:11', 0, NULL, 1),
(1164, '19IT038', 33, NULL, NULL, NULL, NULL, NULL, NULL, NULL, NULL, NULL, NULL, NULL, NULL, NULL, NULL, NULL, NULL, NULL, NULL, NULL, NULL, NULL, NULL, 0, '2020-01-06 09:15:11', '2020-01-06 09:15:11', 0, NULL, 1),
(1165, '19IT039', 33, NULL, NULL, NULL, NULL, NULL, NULL, NULL, NULL, NULL, NULL, NULL, NULL, NULL, NULL, NULL, NULL, NULL, NULL, NULL, NULL, NULL, NULL, 0, '2020-01-06 09:15:11', '2020-01-06 09:15:11', 0, NULL, 1);
INSERT INTO `points` (`id_point`, `id_student`, `id_dot`, `p1a`, `p1b1`, `p1b2`, `p1c`, `p1d`, `p1dd`, `p2a1`, `p2a2`, `p2b1`, `p2b2`, `p2b3`, `p3a1`, `p3a2`, `p3b1`, `p3b2`, `p3b3`, `p3c`, `p4a1`, `p4a2`, `p4a3`, `p4b`, `p4c`, `confirm`, `created_at`, `updated_at`, `total`, `note`, `status`) VALUES
(1166, '19IT040', 33, NULL, NULL, NULL, NULL, NULL, NULL, NULL, NULL, NULL, NULL, NULL, NULL, NULL, NULL, NULL, NULL, NULL, NULL, NULL, NULL, NULL, NULL, 0, '2020-01-06 09:15:11', '2020-01-06 09:15:11', 0, NULL, 1),
(1167, '19IT041', 33, NULL, NULL, NULL, NULL, NULL, NULL, NULL, NULL, NULL, NULL, NULL, NULL, NULL, NULL, NULL, NULL, NULL, NULL, NULL, NULL, NULL, NULL, 0, '2020-01-06 09:15:11', '2020-01-06 09:15:11', 0, NULL, 1),
(1168, '19IT042', 33, NULL, NULL, NULL, NULL, NULL, NULL, NULL, NULL, NULL, NULL, NULL, NULL, NULL, NULL, NULL, NULL, NULL, NULL, NULL, NULL, NULL, NULL, 0, '2020-01-06 09:15:11', '2020-01-06 09:15:11', 0, NULL, 1),
(1169, '19IT044', 33, NULL, NULL, NULL, NULL, NULL, NULL, NULL, NULL, NULL, NULL, NULL, NULL, NULL, NULL, NULL, NULL, NULL, NULL, NULL, NULL, NULL, NULL, 0, '2020-01-06 09:15:11', '2020-01-06 09:15:11', 0, NULL, 1),
(1170, '19IT047', 33, NULL, NULL, NULL, NULL, NULL, NULL, NULL, NULL, NULL, NULL, NULL, NULL, NULL, NULL, NULL, NULL, NULL, NULL, NULL, NULL, NULL, NULL, 0, '2020-01-06 09:15:11', '2020-01-06 09:15:11', 0, NULL, 1),
(1171, '19IT048', 33, NULL, NULL, NULL, NULL, NULL, NULL, NULL, NULL, NULL, NULL, NULL, NULL, NULL, NULL, NULL, NULL, NULL, NULL, NULL, NULL, NULL, NULL, 0, '2020-01-06 09:15:11', '2020-01-06 09:15:11', 0, NULL, 1),
(1172, '19IT049', 33, NULL, NULL, NULL, NULL, NULL, NULL, NULL, NULL, NULL, NULL, NULL, NULL, NULL, NULL, NULL, NULL, NULL, NULL, NULL, NULL, NULL, NULL, 0, '2020-01-06 09:15:11', '2020-01-06 09:15:11', 0, NULL, 1),
(1173, '19IT050', 33, NULL, NULL, NULL, NULL, NULL, NULL, NULL, NULL, NULL, NULL, NULL, NULL, NULL, NULL, NULL, NULL, NULL, NULL, NULL, NULL, NULL, NULL, 0, '2020-01-06 09:15:11', '2020-01-06 09:15:11', 0, NULL, 1),
(1174, '19IT051', 33, NULL, NULL, NULL, NULL, NULL, NULL, NULL, NULL, NULL, NULL, NULL, NULL, NULL, NULL, NULL, NULL, NULL, NULL, NULL, NULL, NULL, NULL, 0, '2020-01-06 09:15:11', '2020-01-06 09:15:11', 0, NULL, 1),
(1175, '19IT052', 33, NULL, NULL, NULL, NULL, NULL, NULL, NULL, NULL, NULL, NULL, NULL, NULL, NULL, NULL, NULL, NULL, NULL, NULL, NULL, NULL, NULL, NULL, 0, '2020-01-06 09:15:11', '2020-01-06 09:15:11', 0, NULL, 1),
(1176, '19IT053', 33, NULL, NULL, NULL, NULL, NULL, NULL, NULL, NULL, NULL, NULL, NULL, NULL, NULL, NULL, NULL, NULL, NULL, NULL, NULL, NULL, NULL, NULL, 0, '2020-01-06 09:15:11', '2020-01-06 09:15:11', 0, NULL, 1),
(1177, '19IT055', 33, NULL, NULL, NULL, NULL, NULL, NULL, NULL, NULL, NULL, NULL, NULL, NULL, NULL, NULL, NULL, NULL, NULL, NULL, NULL, NULL, NULL, NULL, 0, '2020-01-06 09:15:11', '2020-01-06 09:15:11', 0, NULL, 1),
(1178, '19IT056', 33, NULL, NULL, NULL, NULL, NULL, NULL, NULL, NULL, NULL, NULL, NULL, NULL, NULL, NULL, NULL, NULL, NULL, NULL, NULL, NULL, NULL, NULL, 0, '2020-01-06 09:15:11', '2020-01-06 09:15:11', 0, NULL, 1),
(1179, '19IT057', 33, NULL, NULL, NULL, NULL, NULL, NULL, NULL, NULL, NULL, NULL, NULL, NULL, NULL, NULL, NULL, NULL, NULL, NULL, NULL, NULL, NULL, NULL, 0, '2020-01-06 09:15:11', '2020-01-06 09:15:11', 0, NULL, 1),
(1180, '19IT058', 33, NULL, NULL, NULL, NULL, NULL, NULL, NULL, NULL, NULL, NULL, NULL, NULL, NULL, NULL, NULL, NULL, NULL, NULL, NULL, NULL, NULL, NULL, 0, '2020-01-06 09:15:11', '2020-01-06 09:15:11', 0, NULL, 1),
(1181, '19IT059', 33, NULL, NULL, NULL, NULL, NULL, NULL, NULL, NULL, NULL, NULL, NULL, NULL, NULL, NULL, NULL, NULL, NULL, NULL, NULL, NULL, NULL, NULL, 0, '2020-01-06 09:15:11', '2020-01-06 09:15:11', 0, NULL, 1),
(1182, '19IT060', 33, NULL, NULL, NULL, NULL, NULL, NULL, NULL, NULL, NULL, NULL, NULL, NULL, NULL, NULL, NULL, NULL, NULL, NULL, NULL, NULL, NULL, NULL, 0, '2020-01-06 09:15:11', '2020-01-06 09:15:11', 0, NULL, 1);

-- --------------------------------------------------------

--
-- Table structure for table `positions`
--

CREATE TABLE `positions` (
  `id_position` int(11) NOT NULL,
  `name` varchar(500) DEFAULT NULL
) ENGINE=InnoDB DEFAULT CHARSET=utf8;

--
-- Dumping data for table `positions`
--

INSERT INTO `positions` (`id_position`, `name`) VALUES
(1, 'Lớp trưởng'),
(2, 'Lớp phó'),
(3, 'Bí thư'),
(4, 'Phó bí thư'),
(5, 'Ủy viên'),
(6, 'Thành viên');

-- --------------------------------------------------------

--
-- Table structure for table `profiles`
--

CREATE TABLE `profiles` (
  `id_profile` int(255) NOT NULL,
  `first_name` varchar(255) DEFAULT NULL,
  `last_name` varchar(255) DEFAULT NULL,
  `phone_number` char(10) DEFAULT NULL,
  `address` varchar(500) DEFAULT NULL,
  `birthday` date DEFAULT NULL,
  `email` varchar(255) DEFAULT NULL
) ENGINE=InnoDB DEFAULT CHARSET=utf8;

--
-- Dumping data for table `profiles`
--

INSERT INTO `profiles` (`id_profile`, `first_name`, `last_name`, `phone_number`, `address`, `birthday`, `email`) VALUES
(1, 'Nguyễn Anh', 'Tuấn', '0358545326', 'VietNam, Danang', '2000-12-31', 'natuan@sict.dn.vn'),
(768, 'Trần Thị Ngọc', 'Anh', NULL, NULL, '2000-11-30', 'ttnanh.18it5@sict.udn.vn'),
(769, 'Nguyễn Võ Chí', 'Bảo', NULL, NULL, '2000-10-10', 'nvcbao.18it5@sict.udn.vn'),
(770, 'Hoàng Văn', 'Bình', NULL, NULL, '2000-09-16', 'hvbinh.18it5@sict.udn.vn'),
(771, 'Lê Thanh', 'Bình', NULL, NULL, '2000-05-21', 'ltbinh.18it5@sict.udn.vn'),
(772, 'Nguyễn Phan Thành', 'Công', NULL, NULL, '2000-03-08', 'nptcong.18it5@sict.udn.vn'),
(773, 'Lê Dương Quốc', 'Đại', NULL, NULL, '2000-02-24', 'ldqdai.18it5@sict.udn.vn'),
(774, 'Phạm Thành', 'Đạt', NULL, NULL, '2000-07-26', 'ptdat.18it5@sict.udn.vn'),
(775, 'Nguyễn Ngọc', 'Định', NULL, NULL, '2000-09-01', 'nndinh.18it5@sict.udn.vn'),
(776, 'Phan Ngọc Tâm', 'Đức', NULL, NULL, '2000-03-25', 'pntduc.18it5@sict.udn.vn'),
(777, 'Nguyễn Thị Lệ', 'Hằng', NULL, NULL, '2000-02-08', 'ntlhang.18it5@sict.udn.vn'),
(778, 'Ngô Văn', 'Hiến', NULL, NULL, '0200-03-03', 'nvhien.18it5@sict.udn.vn'),
(779, 'Phùng Minh', 'Hiếu', NULL, NULL, '1996-02-16', 'pmhieu.18it5@sict.udn.vn'),
(780, 'Trương Thanh', 'Hoài', NULL, NULL, '2000-11-09', 'tthoai.18it5@sict.udn.vn'),
(781, 'So Minh', 'Hưng', NULL, NULL, '2000-05-15', 'smhung.18it5@sict.udn.vn'),
(782, 'Ngô Ngọc', 'Huy', NULL, NULL, '2000-04-05', 'nnhuy.18it5@sict.udn.vn'),
(783, 'Nguyễn Quang', 'Huy', NULL, NULL, '2000-05-17', 'nqhuy.18it5@sict.udn.vn'),
(784, 'Trần Văn', 'Huy', NULL, NULL, '1999-11-16', 'tvhuy.18it5@sict.udn.vn'),
(785, 'Ông Bửu', 'Khánh', NULL, NULL, '1999-03-24', 'obkhanh.18it5@sict.udn.vn'),
(786, 'Nguyễn Ngọc Anh', 'Khoa', NULL, NULL, '2000-10-23', 'nnakhoa.18it5@sict.udn.vn'),
(787, 'Lê Hoàng', 'Long', NULL, NULL, '2000-02-27', 'lhlong.18it5@sict.udn.vn'),
(788, 'Phan Việt', 'Long', NULL, NULL, '2000-06-23', 'pvlong.18it5@sict.udn.vn'),
(789, 'Nguyễn Bình', 'Minh', NULL, NULL, '2000-02-21', 'nbminh.18it5@sict.udn.vn'),
(790, 'Phạm Văn', 'Nam', NULL, NULL, '2000-06-05', 'pvnam.18it5@sict.udn.vn'),
(791, 'Thái Thị Quỳnh', 'Nga', NULL, NULL, '2000-10-23', 'ttqnga.18it5@sict.udn.vn'),
(792, 'Phan Thanh', 'Nhàn', NULL, NULL, '2000-10-05', 'ptnhan.18it5@sict.udn.vn'),
(793, 'Đỗ Hồng', 'Phúc', NULL, NULL, '1996-06-04', 'dhphuc.18it5@sict.udn.vn'),
(794, 'Mai Văn', 'Quang', '0358545326', 'TT Kiến Giang - Lệ Thủy - Quảng Bình', '2000-12-31', 'mvquang.18it5@sict.udn.vn'),
(795, 'Bùi Văn Vạn', 'Quý', NULL, NULL, '2000-01-01', 'bvvquy.18it5@sict.udn.vn'),
(796, 'Trương Thành', 'Quý', NULL, NULL, '2000-07-10', 'ttquy.18it5@sict.udn.vn'),
(797, 'Trần Công', 'Rin', NULL, NULL, '2000-03-01', 'tcrin.18it5@sict.udn.vn'),
(798, 'Đoàn Đình', 'Rôn', NULL, NULL, '2000-10-17', 'ddron.18it5@sict.udn.vn'),
(799, 'Nguyễn Thị Thanh', 'Tâm', NULL, NULL, '2000-11-07', 'ntttam.18it5@sict.udn.vn'),
(800, 'Nguyễn Trọng', 'Tâm', NULL, NULL, '2000-03-01', 'nttam.18it5@sict.udn.vn'),
(801, 'Trần Đăng', 'Thắng', NULL, NULL, '2000-08-29', 'tdthang.18it5@sict.udn.vn'),
(802, 'Trần Ngọc', 'Thắng', NULL, NULL, '2000-02-10', 'tnthang.18it5@sict.udn.vn'),
(803, 'Phạm Thị Bích', 'Thảo', NULL, NULL, '2000-10-12', 'ptbthao.18it5@sict.udn.vn'),
(804, 'Nguyễn Vĩnh', 'Thiên', NULL, NULL, '1997-10-10', 'nvthien.18it5@sict.udn.vn'),
(805, 'Nguyễn Trần Phước', 'Thịnh', NULL, NULL, '2000-06-03', 'ntpthinh.18it5@sict.udn.vn'),
(806, 'Võ Văn', 'Thống', NULL, NULL, '2000-09-06', 'vvthong.18it5@sict.udn.vn'),
(807, 'Trần Thị Thùy', 'Trang', NULL, NULL, '2000-03-19', 'ttttrang.18it5@sict.udn.vn'),
(808, 'Nguyễn Văn', 'Trường', NULL, NULL, '2000-07-02', 'nvtruong.18it5@sict.udn.vn'),
(809, 'Dương Văn', 'Tuấn', NULL, NULL, '2000-03-15', 'dvtuan.18it5@sict.udn.vn'),
(810, 'Lê Thị Thúy', 'Vy', NULL, NULL, '2000-07-03', 'lttvy.18it5@sict.udn.vn'),
(811, 'Phạm Văn', 'Định', NULL, NULL, '2000-09-19', 'pvdinh.18it5@sict.udn.vn'),
(812, 'Lương Tuấn', 'Anh', NULL, NULL, '2000-02-23', 'ltanh.18it5@sict.udn.vn'),
(813, 'Nguyễn Đức', 'Bảo', NULL, NULL, '2000-07-04', 'ndbao.18it5@sict.udn.vn'),
(814, 'Lê Ngọc', 'Chiến', NULL, NULL, '2000-02-11', 'lnchien.18it5@sict.udn.vn'),
(815, 'Trần Duy Mai', 'Dung', NULL, NULL, '2000-09-10', 'tdmdung.18it5@sict.udn.vn'),
(816, 'Nguyễn Hồ Nhật', 'Duy', NULL, NULL, '2000-04-05', 'nhnduy.18it5@sict.udn.vn'),
(817, 'Phan Đức', 'Hải', NULL, NULL, '2000-12-27', 'pdhai.18it5@sict.udn.vn'),
(818, 'Nguyễn Phước', 'Hiễn', NULL, NULL, '2000-09-16', 'nphien.18it5@sict.udn.vn'),
(819, 'Phạm Đức', 'Hiếu', NULL, NULL, '2000-07-28', 'pdhieu.18it5@sict.udn.vn'),
(820, 'Nguyễn Minh', 'Hiếu', NULL, NULL, '2000-06-20', 'nmhieu.18it5@sict.udn.vn'),
(821, 'Phan Công', 'Hoàng', NULL, NULL, '2000-09-25', 'pchoang.18it5@sict.udn.vn'),
(822, 'Nguyễn Hữu', 'Hoàng', NULL, NULL, '2000-07-20', 'nhhoang.18it5@sict.udn.vn'),
(823, 'Nông Thị', 'Hồng', NULL, NULL, '2000-07-03', 'nthong.18it5@sict.udn.vn'),
(824, 'Bùi Văn Anh', 'Huy', NULL, NULL, '2000-09-07', 'bvahuy.18it5@sict.udn.vn'),
(825, 'Nguyễn Nhật', 'Khánh', NULL, NULL, '2000-04-22', 'nnkhanh.18it5@sict.udn.vn'),
(826, 'Trịnh Văn', 'Khánh', NULL, NULL, '1998-06-18', 'tvkhanh.18it5@sict.udn.vn'),
(827, 'Nguyễn Duy', 'Khánh', NULL, NULL, '2000-07-25', 'ndkhanh.18it5@sict.udn.vn'),
(828, 'Đỗ Quốc', 'Khánh', NULL, NULL, '2000-07-20', 'dqkhanh.18it5@sict.udn.vn'),
(829, 'Nguyễn Đình', 'Khánh', NULL, NULL, '2000-05-25', 'ndkhanh1.18it5@sict.udn.vn'),
(830, 'Dương Thị Mỹ', 'Linh', NULL, NULL, '2000-04-15', 'dtmlinh.18it5@sict.udn.vn'),
(831, 'Nguyễn Văn', 'Nam', NULL, NULL, '2000-01-01', 'nvnam.18it5@sict.udn.vn'),
(832, 'Tôn Đức', 'Nam', NULL, NULL, '2000-10-12', 'tdnam.18it5@sict.udn.vn'),
(833, 'Nguyễn Trọng', 'Nghĩa', NULL, NULL, '2000-03-21', 'ntnghia.18it5@sict.udn.vn'),
(834, 'Phạm Văn', 'Nhất', NULL, NULL, '2000-06-26', 'pvnhat.18it5@sict.udn.vn'),
(835, 'Vũ Thị Kim', 'Oanh', NULL, NULL, '2000-06-08', 'vtkoanh.18it5@sict.udn.vn'),
(836, 'Nguyễn Văn', 'Phước', NULL, NULL, '2000-01-01', 'nvphuoc.18it5@sict.udn.vn'),
(837, 'Nguyễn Ngọc', 'Quang', NULL, NULL, '2000-01-26', 'nnquang.18it5@sict.udn.vn'),
(838, 'Nguyễn Duy', 'Sỹ', NULL, NULL, '2000-11-07', 'ndsy.18it5@sict.udn.vn'),
(839, 'Nguyễn Trọng', 'Tài', NULL, NULL, '2000-03-20', 'nttai.18it5@sict.udn.vn'),
(840, 'Nguyễn Thị Thanh', 'Thúy', NULL, NULL, '2000-07-08', 'nttthuy.18it5@sict.udn.vn'),
(841, 'Lê Quang', 'Trải', NULL, NULL, '1998-11-14', 'lqtrai.18it5@sict.udn.vn'),
(842, 'Phan Văn', 'Trí', NULL, NULL, '2000-02-09', 'pvtri.18it5@sict.udn.vn'),
(843, 'Nguyễn Đình Minh', 'Trung', NULL, NULL, '2000-07-08', 'ndmtrung.18it5@sict.udn.vn'),
(844, 'Dương Thanh', 'Tuấn', NULL, NULL, '2000-09-07', 'dttuan.18it5@sict.udn.vn'),
(845, 'Võ Quang', 'Tùng', NULL, NULL, '1998-09-18', 'vqtung.18it5@sict.udn.vn'),
(846, 'Đặng Phú', 'Vang', NULL, NULL, '2000-08-07', 'dpvang.18it5@sict.udn.vn'),
(847, 'Lê Viết', 'Việt', NULL, NULL, '1999-12-16', 'lvviet.18it5@sict.udn.vn'),
(848, 'Nguyễn Tấn', 'Vũ', NULL, NULL, '2000-07-29', 'ntvu.18it5@sict.udn.vn'),
(849, 'Đinh Văn Nguyễn', 'Vỹ', NULL, NULL, '1998-06-18', 'dvnvy.18it5@sict.udn.vn'),
(850, 'Nguyễn Huy', 'Hoàng', NULL, NULL, '2000-06-14', 'nhhoang1.18it5@sict.udn.vn'),
(902, 'Nguyễn Văn ', 'An', NULL, NULL, '2001-01-23', 'nvan.19it1@sict.udn.vn'),
(903, 'Võ Trần Quốc ', 'Anh', NULL, NULL, '2001-05-24', 'vtqanh.19it1@sict.udn.vn'),
(904, 'Nguyễn Quang ', 'Chung', NULL, NULL, '2001-01-09', 'nqchung.19it1@sict.udn.vn'),
(905, 'Trần Quang ', 'Đạt', NULL, NULL, '2001-06-12', 'tqdat.19it1@sict.udn.vn'),
(906, 'Cáp Văn ', 'Đức', NULL, NULL, '2001-04-19', 'cvduc.19it1@sict.udn.vn'),
(907, 'Ngô Thị Hương ', 'Giang', NULL, NULL, '2001-03-05', 'nthgiang.19it1@sict.udn.vn'),
(908, 'Dương Lê ', 'Hà', NULL, NULL, '2001-01-02', 'dlha.19it1@sict.udn.vn'),
(909, 'Mai Hoàn ', 'Hải', NULL, NULL, '2001-10-16', 'mhhai.19it1@sict.udn.vn'),
(910, 'Nguyễn Sơn ', 'Hải', NULL, NULL, '2001-10-31', 'nshai.19it1@sict.udn.vn'),
(911, 'Võ Đức ', 'Hiếu', NULL, NULL, '2001-02-22', 'vdhieu.19it1@sict.udn.vn'),
(912, 'Mai Anh ', 'Hòa', NULL, NULL, '2001-09-18', 'mahoa.19it1@sict.udn.vn'),
(913, 'Nguyễn Thuận ', 'Hòa', NULL, NULL, '2001-01-12', 'nthoa.19it1@sict.udn.vn'),
(914, 'Lê Việt ', 'Hoàng', NULL, NULL, '2001-10-13', 'lvhoang.19it1@sict.udn.vn'),
(915, 'Trần Thanh ', 'Hoàng', NULL, NULL, '2001-12-04', 'tthoang.19it1@sict.udn.vn'),
(916, 'Nguyễn Đức ', 'Huy', NULL, NULL, '2001-10-18', 'ndhuy.19it1@sict.udn.vn'),
(917, 'Nguyễn Thị Cẩm ', 'Huyền', NULL, NULL, '2001-07-07', 'ntchuyen.19it1@sict.udn.vn'),
(918, 'Nguyễn Thị Thu ', 'Hương', NULL, NULL, '2001-07-01', 'ntthuong.19it1@sict.udn.vn'),
(919, 'Nguyễn Văn ', 'Hữu', NULL, NULL, '2001-02-28', 'nvhuu.19it1@sict.udn.vn'),
(920, 'Lê Văn ', 'Kha', NULL, NULL, '2001-03-27', 'lvkha.19it1@sict.udn.vn'),
(921, 'Phạm Gia ', 'Khải', NULL, NULL, '2001-02-11', 'pgkhai.19it1@sict.udn.vn'),
(922, 'Nguyễn Hoàng Tuấn ', 'Long', NULL, NULL, '2001-09-07', 'nhtlong.19it1@sict.udn.vn'),
(923, 'Nguyễn Thanh ', 'Long', NULL, NULL, '2001-12-15', 'ntlong.19it1@sict.udn.vn'),
(924, 'Dương Đức ', 'Luân', NULL, NULL, '2001-02-09', 'ddluan.19it1@sict.udn.vn'),
(925, 'Nguyễn Thị Trúc ', 'Ly', NULL, NULL, '2001-03-22', 'nttly.19it1@sict.udn.vn'),
(926, 'Nguyễn Thị Thuý ', 'Nga', NULL, NULL, '2001-12-11', 'nttnga.19it1@sict.udn.vn'),
(927, 'Phạm Vũ Thu ', 'Nguyệt', NULL, NULL, '2001-06-30', 'pvtnguyet.19it1@sict.udn.vn'),
(928, 'Hà Công ', 'Nhân', NULL, NULL, '2001-03-20', 'hcnhan.19it1@sict.udn.vn'),
(929, 'Nguyễn Ngọc ', 'Nhẫn', NULL, NULL, '2001-04-28', 'nnnhan.19it1@sict.udn.vn'),
(930, 'Nguyễn Thị Hồng ', 'Nhung', NULL, NULL, '2001-07-21', 'nthnhung.19it1@sict.udn.vn'),
(931, 'Nguyễn Thị ', 'Oanh', NULL, NULL, '2001-06-28', 'ntoanh.19it1@sict.udn.vn'),
(932, 'Hồ Thanh ', 'Phong', NULL, NULL, '2001-07-06', 'htphong.19it1@sict.udn.vn'),
(933, 'Nguyễn Đức Quang ', 'Phú', NULL, NULL, '2001-11-02', 'ndqphu.19it1@sict.udn.vn'),
(934, 'Phan Thiên ', 'Phú', NULL, NULL, '2001-04-26', 'ptphu.19it1@sict.udn.vn'),
(935, 'Nguyễn Duy ', 'Phúc', NULL, NULL, '2001-08-16', 'ndphuc.19it1@sict.udn.vn'),
(936, 'Phan Văn ', 'Phùng', NULL, NULL, '2001-05-21', 'pvphung.19it1@sict.udn.vn'),
(937, 'Nguyễn Duy ', 'Quang', NULL, NULL, '2001-09-03', 'ndquang.19it1@sict.udn.vn'),
(938, 'Trần Anh ', 'Quân', NULL, NULL, '2001-03-21', 'taquan.19it1@sict.udn.vn'),
(939, 'Phan Anh ', 'Quốc', NULL, NULL, '2001-10-20', 'paquoc.19it1@sict.udn.vn'),
(940, 'Lê Văn Trường ', 'Sơn', NULL, NULL, '2001-09-16', 'lvtson.19it1@sict.udn.vn'),
(941, 'Đặng Quang ', 'Tài', NULL, NULL, '2001-08-26', 'dqtai.19it1@sict.udn.vn'),
(942, 'Lê Văn ', 'Tân', NULL, NULL, '2001-02-14', 'lvtan.19it1@sict.udn.vn'),
(943, 'Nguyễn Văn Tô ', 'Thành', NULL, NULL, '2001-10-07', 'nvtthanh.19it1@sict.udn.vn'),
(944, 'Hoàng Xuân ', 'Thăng', NULL, NULL, '2001-01-14', 'hxthang.19it1@sict.udn.vn'),
(945, 'Phan Trung ', 'Thắng', NULL, NULL, '2001-08-12', 'ptthang.19it1@sict.udn.vn'),
(946, 'Nguyễn Hữu ', 'Thiện', NULL, NULL, '2001-06-07', 'nhthien.19it1@sict.udn.vn'),
(947, 'Trần Thị Ngọc ', 'Thủy', NULL, NULL, '2001-01-09', 'ttnthuy.19it1@sict.udn.vn'),
(948, 'Phạm Trần ', 'Triêm', NULL, NULL, '2001-04-15', 'pttriem.19it1@sict.udn.vn'),
(949, 'Nguyễn Bá ', 'Triển', NULL, NULL, '2001-09-02', 'nbtrien.19it1@sict.udn.vn'),
(950, 'Phạm Ðức ', 'Trung', NULL, NULL, '2001-10-24', 'putrung.19it1@sict.udn.vn'),
(951, 'Tạ Hồng ', 'Tú', NULL, NULL, '2001-09-30', 'thtu.19it1@sict.udn.vn'),
(952, 'Nguyễn Chơn ', 'Uy', NULL, NULL, '2001-10-01', 'ncuy.19it1@sict.udn.vn');

-- --------------------------------------------------------

--
-- Table structure for table `school_year`
--

CREATE TABLE `school_year` (
  `id_year` varchar(255) NOT NULL,
  `detail` varchar(255) DEFAULT NULL
) ENGINE=InnoDB DEFAULT CHARSET=utf8;

--
-- Dumping data for table `school_year`
--

INSERT INTO `school_year` (`id_year`, `detail`) VALUES
('2018-2019', '121231'),
('2019-2020', NULL),
('2020-2021', NULL),
('2021-2022', NULL),
('2022-2023', NULL);

-- --------------------------------------------------------

--
-- Table structure for table `students`
--

CREATE TABLE `students` (
  `id_profile` int(9) NOT NULL,
  `id_class` varchar(255) DEFAULT NULL,
  `id_position` int(9) DEFAULT NULL,
  `id_student` varchar(255) NOT NULL
) ENGINE=InnoDB DEFAULT CHARSET=utf8;

--
-- Dumping data for table `students`
--

INSERT INTO `students` (`id_profile`, `id_class`, `id_position`, `id_student`) VALUES
(768, '18IT5', 6, '18IT262'),
(769, '18IT5', 6, '18IT263'),
(770, '18IT5', 6, '18IT264'),
(771, '18IT5', 6, '18IT265'),
(772, '18IT5', 6, '18IT266'),
(773, '18IT5', 6, '18IT267'),
(774, '18IT5', 6, '18IT268'),
(775, '18IT5', 6, '18IT269'),
(776, '18IT5', 6, '18IT270'),
(777, '18IT5', 6, '18IT271'),
(778, '18IT5', 6, '18IT272'),
(779, '18IT5', 6, '18IT273'),
(780, '18IT5', 6, '18IT274'),
(781, '18IT5', 6, '18IT275'),
(782, '18IT5', 6, '18IT276'),
(783, '18IT5', 6, '18IT277'),
(784, '18IT5', 6, '18IT278'),
(785, '18IT5', 6, '18IT279'),
(786, '18IT5', 6, '18IT280'),
(787, '18IT5', 6, '18IT281'),
(788, '18IT5', 6, '18IT282'),
(789, '18IT5', 6, '18IT283'),
(790, '18IT5', 6, '18IT284'),
(791, '18IT5', 6, '18IT285'),
(792, '18IT5', 6, '18IT286'),
(793, '18IT5', 6, '18IT287'),
(794, '18IT5', 1, '18IT288'),
(795, '18IT5', 6, '18IT289'),
(796, '18IT5', 6, '18IT290'),
(797, '18IT5', 6, '18IT291'),
(798, '18IT5', 6, '18IT292'),
(799, '18IT5', 6, '18IT293'),
(800, '18IT5', 6, '18IT294'),
(801, '18IT5', 6, '18IT295'),
(802, '18IT5', 6, '18IT296'),
(803, '18IT5', 6, '18IT297'),
(804, '18IT5', 6, '18IT298'),
(805, '18IT5', 6, '18IT299'),
(806, '18IT5', 6, '18IT300'),
(807, '18IT5', 6, '18IT301'),
(808, '18IT5', 6, '18IT302'),
(809, '18IT5', 6, '18IT303'),
(810, '18IT5', 6, '18IT304'),
(811, '18IT5', 6, '18IT305'),
(812, '18IT5', 6, '18IT308'),
(813, '18IT5', 6, '18IT309'),
(814, '18IT5', 6, '18IT313'),
(815, '18IT5', 6, '18IT317'),
(816, '18IT5', 6, '18IT318'),
(817, '18IT5', 6, '18IT319'),
(818, '18IT5', 6, '18IT320'),
(819, '18IT5', 6, '18IT321'),
(820, '18IT5', 6, '18IT322'),
(821, '18IT5', 6, '18IT324'),
(822, '18IT5', 6, '18IT325'),
(823, '18IT5', 6, '18IT328'),
(824, '18IT5', 6, '18IT329'),
(825, '18IT5', 6, '18IT332'),
(826, '18IT5', 6, '18IT333'),
(827, '18IT5', 6, '18IT334'),
(828, '18IT5', 6, '18IT335'),
(829, '18IT5', 6, '18IT336'),
(830, '18IT5', 6, '18IT337'),
(831, '18IT5', 6, '18IT340'),
(832, '18IT5', 6, '18IT341'),
(833, '18IT5', 6, '18IT342'),
(834, '18IT5', 6, '18IT345'),
(835, '18IT5', 6, '18IT346'),
(836, '18IT5', 6, '18IT347'),
(837, '18IT5', 6, '18IT348'),
(838, '18IT5', 6, '18IT349'),
(839, '18IT5', 6, '18IT350'),
(840, '18IT5', 6, '18IT351'),
(841, '18IT5', 6, '18IT352'),
(842, '18IT5', 6, '18IT354'),
(843, '18IT5', 6, '18IT355'),
(844, '18IT5', 6, '18IT356'),
(845, '18IT5', 6, '18IT359'),
(846, '18IT5', 6, '18IT360'),
(847, '18IT5', 6, '18IT361'),
(848, '18IT5', 6, '18IT362'),
(849, '18IT5', 6, '18IT363'),
(850, '18IT5', 6, '18IT365'),
(902, '19IT1', 6, '19IT001'),
(903, '19IT1', 6, '19IT002'),
(904, '19IT1', 6, '19IT003'),
(905, '19IT1', 6, '19IT006'),
(906, '19IT1', 6, '19IT007'),
(907, '19IT1', 6, '19IT008'),
(908, '19IT1', 6, '19IT009'),
(909, '19IT1', 6, '19IT010'),
(910, '19IT1', 6, '19IT011'),
(911, '19IT1', 6, '19IT012'),
(912, '19IT1', 6, '19IT013'),
(913, '19IT1', 6, '19IT014'),
(914, '19IT1', 6, '19IT016'),
(915, '19IT1', 6, '19IT017'),
(916, '19IT1', 6, '19IT018'),
(917, '19IT1', 6, '19IT019'),
(918, '19IT1', 6, '19IT020'),
(919, '19IT1', 6, '19IT021'),
(920, '19IT1', 6, '19IT022'),
(921, '19IT1', 6, '19IT023'),
(922, '19IT1', 6, '19IT025'),
(923, '19IT1', 6, '19IT026'),
(924, '19IT1', 6, '19IT027'),
(925, '19IT1', 6, '19IT028'),
(926, '19IT1', 6, '19IT030'),
(927, '19IT1', 6, '19IT031'),
(928, '19IT1', 6, '19IT032'),
(929, '19IT1', 6, '19IT033'),
(930, '19IT1', 1, '19IT034'),
(931, '19IT1', 6, '19IT035'),
(932, '19IT1', 6, '19IT036'),
(933, '19IT1', 6, '19IT037'),
(934, '19IT1', 6, '19IT038'),
(935, '19IT1', 6, '19IT039'),
(936, '19IT1', 6, '19IT040'),
(937, '19IT1', 6, '19IT041'),
(938, '19IT1', 6, '19IT042'),
(939, '19IT1', 6, '19IT044'),
(940, '19IT1', 6, '19IT047'),
(941, '19IT1', 6, '19IT048'),
(942, '19IT1', 6, '19IT049'),
(943, '19IT1', 6, '19IT050'),
(944, '19IT1', 6, '19IT051'),
(945, '19IT1', 6, '19IT052'),
(946, '19IT1', 6, '19IT053'),
(947, '19IT1', 6, '19IT055'),
(948, '19IT1', 6, '19IT056'),
(949, '19IT1', 6, '19IT057'),
(950, '19IT1', 6, '19IT058'),
(951, '19IT1', 6, '19IT059'),
(952, '19IT1', 6, '19IT060');

-- --------------------------------------------------------

--
-- Table structure for table `teachers`
--

CREATE TABLE `teachers` (
  `id_teacher` int(255) NOT NULL,
  `id_profile` int(255) DEFAULT NULL
) ENGINE=InnoDB DEFAULT CHARSET=utf8;

--
-- Dumping data for table `teachers`
--

INSERT INTO `teachers` (`id_teacher`, `id_profile`) VALUES
(1, 1);

-- --------------------------------------------------------

--
-- Table structure for table `users`
--

CREATE TABLE `users` (
  `id` int(11) NOT NULL,
  `email` varchar(255) NOT NULL,
  `password` varchar(255) DEFAULT NULL,
  `type` int(255) DEFAULT NULL,
  `remember_token` varchar(255) DEFAULT NULL,
  `name` varchar(255) DEFAULT NULL,
  `picture` varchar(500) DEFAULT NULL,
  `hd` varchar(255) DEFAULT NULL
) ENGINE=InnoDB DEFAULT CHARSET=utf8;

--
-- Dumping data for table `users`
--

INSERT INTO `users` (`id`, `email`, `password`, `type`, `remember_token`, `name`, `picture`, `hd`) VALUES
(1, 'natuan@sict.dn.vn', '$10$hVGAb.UAeh.jntWU99EfDOD.f9V0EH9OXZdUUEUe6JDevPVY/lIR2', 1, NULL, NULL, NULL, NULL),
(795, 'ttnanh.18it5@sict.udn.vn', '$2y$10$BL2IpAwTZ80TFcI5xrxXiOTxQ0ZdH9DV2aF4dtAMiTsWFCH2lQjNS', 0, NULL, NULL, NULL, NULL),
(796, 'nvcbao.18it5@sict.udn.vn', '$2y$10$Bybz4rEGlm9Of7jVpLVCJOXfIy8qmw/5Get1SLf3DvK0tX0UiMbha', 0, NULL, NULL, NULL, NULL),
(797, 'hvbinh.18it5@sict.udn.vn', '$2y$10$B6BCxJeArnHXBBGTQUY4VOck4pS8VYmUHrlIzxcWRN2.dKAUBGiTa', 0, NULL, NULL, NULL, NULL),
(798, 'ltbinh.18it5@sict.udn.vn', '$2y$10$2yAwnEiNG6vFsefOBYN0tOymdhMpp2Eznr4MoJh4kpwSFDr8ql.le', 0, NULL, NULL, NULL, NULL),
(799, 'nptcong.18it5@sict.udn.vn', '$2y$10$zaqL.PuAKfluQ7OyRkcETumXycxv19ONufNc5d6vNrOnd.ufoWseW', 0, NULL, NULL, NULL, NULL),
(800, 'ldqdai.18it5@sict.udn.vn', '$2y$10$btkU/nQOiCqSd9NUpT/.c.KrYkvpiu3d3317ieC.AQzk0dpcjw8XS', 0, NULL, NULL, NULL, NULL),
(801, 'ptdat.18it5@sict.udn.vn', '$2y$10$qv.VX0KWE5fderP88HJdfuNp5a7H46NYMDVQnWCil9Bovl7QR0FqK', 0, NULL, NULL, NULL, NULL),
(802, 'nndinh.18it5@sict.udn.vn', '$2y$10$izNiPi56WEn/1kgJo5VjI.ztA2XBsQB0msUfoix8BMApXCadOo3b6', 0, NULL, NULL, NULL, NULL),
(803, 'pntduc.18it5@sict.udn.vn', '$2y$10$s6MY03rwHtsJgPKm0ROSiuKfCNRcAiVFd3SST7K5jzOHrEYryf77G', 0, NULL, NULL, NULL, NULL),
(804, 'ntlhang.18it5@sict.udn.vn', '$2y$10$1y9/cwVHCa0wbvPLVO1WMOMBgXql1pYKKZ2s7tp6uCVNBwVWDQXia', 0, NULL, NULL, NULL, NULL),
(805, 'nvhien.18it5@sict.udn.vn', '$2y$10$BwfwqozHAuT0Kd1sOmsC9ejbHtRSyYK58CiWP0d08MPg7qn2Kw1Xu', 0, NULL, NULL, NULL, NULL),
(806, 'pmhieu.18it5@sict.udn.vn', '$2y$10$S4oYrabNz5wilhLLD6wrU.3xItuUJMvSbEEuCGlrlxJTvBXMkpNui', 0, NULL, NULL, NULL, NULL),
(807, 'tthoai.18it5@sict.udn.vn', '$2y$10$RfMvgLswKD.ENhKrIjmaGOXakqmLz2t6bqO6SGeeA.S74XeAfD21S', 0, NULL, NULL, NULL, NULL),
(808, 'smhung.18it5@sict.udn.vn', '$2y$10$VrPCijHaL438piiaAqNEjeWYYeGjwjTqAvSjphb25f4A5micUhRTq', 0, NULL, NULL, NULL, NULL),
(809, 'nnhuy.18it5@sict.udn.vn', '$2y$10$n3oDHnGfXwxUhum3DHMFVOU0TWw7hn9RUymFQlNs77Bztx72SwqKu', 0, NULL, NULL, NULL, NULL),
(810, 'nqhuy.18it5@sict.udn.vn', '$2y$10$3u/VGhwq0A30U9luSC.waOtclPuFCM3zcRNXn.PIY5Qdji.OIY2NS', 0, NULL, NULL, NULL, NULL),
(811, 'tvhuy.18it5@sict.udn.vn', '$2y$10$6r5Nlo8rvOU7qMgAr96ZKeBhNKeMCHSI0YIgOLYcji8CqHPGOQjjS', 0, NULL, NULL, NULL, NULL),
(812, 'obkhanh.18it5@sict.udn.vn', '$2y$10$Jsa6t7D.sAlrZieBD3Ff2OgBzdsEaQmtNg8kGucSjXKx2sKwxMWTK', 0, NULL, NULL, NULL, NULL),
(813, 'nnakhoa.18it5@sict.udn.vn', '$2y$10$9bqyYvlrphLl1xwmK0fQGuFmCAY3zlZLqNE9LbKrHryfTA1vuczbS', 0, NULL, NULL, NULL, NULL),
(814, 'lhlong.18it5@sict.udn.vn', '$2y$10$4SuL0eL3EilSkIRfTlnemuKDiorlfRFBnjUrKr4PdxrX0vYiyU7Xe', 0, NULL, NULL, NULL, NULL),
(815, 'pvlong.18it5@sict.udn.vn', '$2y$10$WUxOv0ceiFtfGkmmJG2Npun9x69LgTSNkgD4fCNH0.CtumzRGeF4q', 0, NULL, NULL, NULL, NULL),
(816, 'nbminh.18it5@sict.udn.vn', '$2y$10$MmIADgultCMhMIbs0sr8xOtwjtLH.j/VCD44xhi6xNMfzdsayTlGm', 0, NULL, NULL, NULL, NULL),
(817, 'pvnam.18it5@sict.udn.vn', '$2y$10$i6Bc.mh3EvR7NOZ8mRnAk.QIUkQW6GmDP6M8KB1QHmiA4bzlzO1/G', 0, NULL, NULL, NULL, NULL),
(818, 'ttqnga.18it5@sict.udn.vn', '$2y$10$8qk02bwk3ywdXlWzRbp.LecF3GUDNV7A8XM1quHsJtJGmez1CqgYi', 0, NULL, NULL, NULL, NULL),
(819, 'ptnhan.18it5@sict.udn.vn', '$2y$10$LOLp85VB8WwZmNbptyh7feC3s1ZjsaQDCA7390YF3nUg3iI/EJpYm', 0, NULL, NULL, NULL, NULL),
(820, 'dhphuc.18it5@sict.udn.vn', '$2y$10$e9kaor6wWcUrq0Ge57ucVeILfUsfC5riWJq.vBseddKfOW.59OcaC', 0, NULL, NULL, NULL, NULL),
(821, 'mvquang.18it5@sict.udn.vn', '$2y$10$RUkDx3VnDQcQ3Td0vSz9ZOn5.cdbPRoSnhQjR9wY8nWhl8G7aMtLm', 0, NULL, NULL, NULL, NULL),
(822, 'bvvquy.18it5@sict.udn.vn', '$2y$10$TM5fH0RnDKQInxN0xS08wOeMkoi5yXYXz6zA3fI4EDBk1xvxKQ64K', 0, NULL, NULL, NULL, NULL),
(823, 'ttquy.18it5@sict.udn.vn', '$2y$10$9ICgDL4fS/uz.L9f1EhPZ.DYokhxAPOxIV./WPEN0rJykfjNuYxN.', 0, NULL, NULL, NULL, NULL),
(824, 'tcrin.18it5@sict.udn.vn', '$2y$10$zlAZMfTVV9zcXO9ZzucEiuy..EoJjI/eTny0FESU519hqDcai.8Qm', 0, NULL, NULL, NULL, NULL),
(825, 'ddron.18it5@sict.udn.vn', '$2y$10$2nm/uSwYNcfrPOT5ZANR1.XzBOVT7EqhmGcJQPBQTepkA9uiuTs1S', 0, NULL, NULL, NULL, NULL),
(826, 'ntttam.18it5@sict.udn.vn', '$2y$10$OpVTLkB33wS1ZMQAPI5wouF3BR0V7fvRR9qnKwbTFbctogeyr9d0u', 0, NULL, NULL, NULL, NULL),
(827, 'nttam.18it5@sict.udn.vn', '$2y$10$N3zRWoGHeTderoO/E6SVJOWbxXOwmPQoNs7JMeIjTnngAZ99N32f2', 0, NULL, NULL, NULL, NULL),
(828, 'tdthang.18it5@sict.udn.vn', '$2y$10$ZPwvBRNHcHxCyphelFZmSOBwnTseOge/qWsDB/.FFd1hQJ7AQBhOO', 0, NULL, NULL, NULL, NULL),
(829, 'tnthang.18it5@sict.udn.vn', '$2y$10$258GThFDlgUn0Wyfki9wheLfCR00FkGX8OKwTszNoeRoHMAwkv4OK', 0, NULL, NULL, NULL, NULL),
(830, 'ptbthao.18it5@sict.udn.vn', '$2y$10$HaXcLlHoeq2515/jA6TEEuAGi1Dh3xepAmwyQskT0wcZLNdAEKeSy', 0, NULL, NULL, NULL, NULL),
(831, 'nvthien.18it5@sict.udn.vn', '$2y$10$TuGnv1pYLNMTHPG6nxYLeeSv2OjCxuGTwsgLU2EqI/gsiHRaStqaS', 0, NULL, NULL, NULL, NULL),
(832, 'ntpthinh.18it5@sict.udn.vn', '$2y$10$uGpn8nOi24AbegGGeDuMWOlbF84OaJ9xcVjZaAgxD.ZjzlN83qkCS', 0, NULL, NULL, NULL, NULL),
(833, 'vvthong.18it5@sict.udn.vn', '$2y$10$D4aPq4NjVGgNDvn9TL4Su.hyL3l5NjFWoc90McWYHx6gB8qKvoQJi', 0, NULL, NULL, NULL, NULL),
(834, 'ttttrang.18it5@sict.udn.vn', '$2y$10$s5Nk9EC2f7BXryOlfFjEc.Vc7LlwmaUy4GGgRFyP5aVP09HvrbkbC', 0, NULL, NULL, NULL, NULL),
(835, 'nvtruong.18it5@sict.udn.vn', '$2y$10$9W9Tw/QRWmOS1mrkVx5QsOEA4Dzf7Duw0XnnhFdVDymX5.PB9BSby', 0, NULL, NULL, NULL, NULL),
(836, 'dvtuan.18it5@sict.udn.vn', '$2y$10$HRL6vL6AhAlxGhfDg35jPu9b7b431KtuMudhp5Tddn2h8yltLt7ne', 0, NULL, NULL, NULL, NULL),
(837, 'lttvy.18it5@sict.udn.vn', '$2y$10$YNuvjjoRwsFURyNeECKDAuxlgYAN80R3Kg0EdmN7ASiGcoij8l.D.', 0, NULL, NULL, NULL, NULL),
(838, 'pvdinh.18it5@sict.udn.vn', '$2y$10$zHAh3QNC.jetP4SXR2GY6..g1v3zUU1l5hB1hNen3acyUvyFKOsti', 0, NULL, NULL, NULL, NULL),
(839, 'ltanh.18it5@sict.udn.vn', '$2y$10$U92.f7Eh24wseODyyUCMneeYCMce97oM.i5PWTUm/2UCi.krDcVjq', 0, NULL, NULL, NULL, NULL),
(840, 'ndbao.18it5@sict.udn.vn', '$2y$10$QYLIXklo3IZxiTE1nJjskeCumKcHFgEBIY1nqCaw4FGRPRXbMm4La', 0, NULL, NULL, NULL, NULL),
(841, 'lnchien.18it5@sict.udn.vn', '$2y$10$SqcZuXytmmpoxZe6JDYjkeJNU55vRCrIcebHecPcdJPOARqMfvIXS', 0, NULL, NULL, NULL, NULL),
(842, 'tdmdung.18it5@sict.udn.vn', '$2y$10$xAib3uAklf4fyGtiHMcsWupf/ZF74EIjq.I7FCLqUvp5zmdi99QJC', 0, NULL, NULL, NULL, NULL),
(843, 'nhnduy.18it5@sict.udn.vn', '$2y$10$8l2CrJiAJHtTeR7d4bX52ut8MdPHUZaFOH0CMXvD2Id8iDg/x3.Ui', 0, NULL, NULL, NULL, NULL),
(844, 'pdhai.18it5@sict.udn.vn', '$2y$10$5rMGhW/APlqMcNcwtlFV1O7kwyZSSkLgxvjutyI9IqlS/uLvrfXIe', 0, NULL, NULL, NULL, NULL),
(845, 'nphien.18it5@sict.udn.vn', '$2y$10$XfTA4fPpO2kAARVZd6VSj.Zak96.in0tFr/mDxWaT23u/WenUhtIG', 0, NULL, NULL, NULL, NULL),
(846, 'pdhieu.18it5@sict.udn.vn', '$2y$10$ReqQANCDsDjvsIN4jFQnxePHI7oCAROO0euUZujJN2MFuFPiF7amq', 0, NULL, NULL, NULL, NULL),
(847, 'nmhieu.18it5@sict.udn.vn', '$2y$10$4CZkt7SFQ9MaM3icDRBc3.H.UipkD9UIgDuzhwfOGhybJ9/81cyty', 0, NULL, NULL, NULL, NULL),
(848, 'pchoang.18it5@sict.udn.vn', '$2y$10$P2LO4StDMnXSRLcAvESQsejfnyH4c7qu/.jYtWE04mRtOw6Hv8dDK', 0, NULL, NULL, NULL, NULL),
(849, 'nhhoang.18it5@sict.udn.vn', '$2y$10$i9MYhmCUgMdOB3rJ9anwi.uMMyuavSK9dWxUOHIp0ijkKdMF7jnf2', 0, NULL, NULL, NULL, NULL),
(850, 'nthong.18it5@sict.udn.vn', '$2y$10$irjUDHmIHxdpyLiRSTnCTuBox/wOxPa7TLHrQz4XV5hP5KX362aEe', 0, NULL, NULL, NULL, NULL),
(851, 'bvahuy.18it5@sict.udn.vn', '$2y$10$NRtexy.ngGjYdQWRCtckz.tlFbhxtLIrcWvTRa2yTgUNvvLLY6Sdm', 0, NULL, NULL, NULL, NULL),
(852, 'nnkhanh.18it5@sict.udn.vn', '$2y$10$FTcfuPcBrj7xEZu4k/fZ5.jBnKSlVvSZ7IOXcKo8J3AUvRH4qXbg6', 0, NULL, NULL, NULL, NULL),
(853, 'tvkhanh.18it5@sict.udn.vn', '$2y$10$MEzusoZr.976NiHzwb03a./mv6VWcNwtimzhw11uY8necKD4XY9wq', 0, NULL, NULL, NULL, NULL),
(854, 'ndkhanh.18it5@sict.udn.vn', '$2y$10$CgYdVCBtVX96qOVcegBxoOfLFU2k33qp2AxQ9aBt0N/O1OLM.DxBK', 0, NULL, NULL, NULL, NULL),
(855, 'dqkhanh.18it5@sict.udn.vn', '$2y$10$2ug7FjkfHWmV2qI6IAR8WOOBWz/BCU.KDKvH64tsiSAdG8B.qk.WW', 0, NULL, NULL, NULL, NULL),
(856, 'ndkhanh1.18it5@sict.udn.vn', '$2y$10$muZoUxxU1YawBL8Meag6g.H/61nts/PigtdqSYjS6u6ea2pPsbMrS', 0, NULL, NULL, NULL, NULL),
(857, 'dtmlinh.18it5@sict.udn.vn', '$2y$10$Ciq/X73uwVqaiWBOVFq4POigEe31yxvKH4GZ2UKGjiDF2UdmvrA5u', 0, NULL, NULL, NULL, NULL),
(858, 'nvnam.18it5@sict.udn.vn', '$2y$10$33ACUxAredf515vro6Zwa.Jw4WLAX8sIy3OZjn1itH6wu4SMJdmei', 0, NULL, NULL, NULL, NULL),
(859, 'tdnam.18it5@sict.udn.vn', '$2y$10$.mEN4XIbcZX5/FSTMejO1us7EFIOmUC6XNr93qmWdlTilJPz65VCi', 0, NULL, NULL, NULL, NULL),
(860, 'ntnghia.18it5@sict.udn.vn', '$2y$10$2ce.6HwCG8qS6NSmxEAQO.gp0E4d6dRYTnTOSLbpizVLsgOLGs592', 0, NULL, NULL, NULL, NULL),
(861, 'pvnhat.18it5@sict.udn.vn', '$2y$10$UZNXx9Ys2dmybSzmskx40uSFNi8l3.sbbI/o/aLCH.l8ubG.Y0RFi', 0, NULL, NULL, NULL, NULL),
(862, 'vtkoanh.18it5@sict.udn.vn', '$2y$10$Z8pfspXPYee9PFacoI2Die7wod95lUZm6XVYqYwiGeAa8DJGoJNnK', 0, NULL, NULL, NULL, NULL),
(863, 'nvphuoc.18it5@sict.udn.vn', '$2y$10$h0KZA1Ugdh4nUAxWatuPCuILzU.TrVOzBht/w7qFL9EwWR1n3L9W2', 0, NULL, NULL, NULL, NULL),
(864, 'nnquang.18it5@sict.udn.vn', '$2y$10$f1l4KXMXaPT4qkVDm4ccTeUMv4T6RE/RayAk6SuZtf4/wXplju0j.', 0, NULL, NULL, NULL, NULL),
(865, 'ndsy.18it5@sict.udn.vn', '$2y$10$e13rudXw7eRGSpzHIIV7ceI3V/U4rm20ZzBmoOazNcOy/3TWfExo6', 0, NULL, NULL, NULL, NULL),
(866, 'nttai.18it5@sict.udn.vn', '$2y$10$f/6wPhIjFRl4pm89qaYLMO5MFDQJ874295FNyq8d6hWzGmqsacQSK', 0, NULL, NULL, NULL, NULL),
(867, 'nttthuy.18it5@sict.udn.vn', '$2y$10$u8zaoAklTrdRI.MZhAILkeWrg18Y6Ui/ekPq5/kv9ObtqVaoOOUMa', 0, NULL, NULL, NULL, NULL),
(868, 'lqtrai.18it5@sict.udn.vn', '$2y$10$mLx8HIwMzlej/jhkklq66u1aOQ...Dzc.KaOTyi/WY6xPj4CZQ7ZW', 0, NULL, NULL, NULL, NULL),
(869, 'pvtri.18it5@sict.udn.vn', '$2y$10$NXj2M05JDlj5JnvqDo6WbuKZed7fQfetVuGYXJ8WOfuyrfhI5rYmK', 0, NULL, NULL, NULL, NULL),
(870, 'ndmtrung.18it5@sict.udn.vn', '$2y$10$uFDSzb.B8UFD2bp3HakhruIJ5UDO8y0CGFvAsWZYyFsGGitZcGOzK', 0, NULL, NULL, NULL, NULL),
(871, 'dttuan.18it5@sict.udn.vn', '$2y$10$Xp.oKtOJeTSKac5tOmkOXu6OX5Q2ogVtaNftbDIXC72.Jw6Jnleti', 0, NULL, NULL, NULL, NULL),
(872, 'vqtung.18it5@sict.udn.vn', '$2y$10$7LtO13iDADan.X6I1TombOxVWByMSDyBr8URBQUWPODR0n7UQSrX.', 0, NULL, NULL, NULL, NULL),
(873, 'dpvang.18it5@sict.udn.vn', '$2y$10$UHgrALJI8iVOIDU8ClV/Se.Ey/Got9y//xjJBMI/zn/Xk.hpvC9/G', 0, NULL, NULL, NULL, NULL),
(874, 'lvviet.18it5@sict.udn.vn', '$2y$10$kaZlwz6tAxnibV0RhAwEGehgU0Q0B1Dshk2lnV0LlmEIAuVp2dzQW', 0, NULL, NULL, NULL, NULL),
(875, 'ntvu.18it5@sict.udn.vn', '$2y$10$ZDxt6TJLrmUE5ecWDUg6UOdnuV464c5OaUzuEHbYA76dFKXpx6OXy', 0, NULL, NULL, NULL, NULL),
(876, 'dvnvy.18it5@sict.udn.vn', '$2y$10$31s8zj0qcRdAahTnOmNr4Olne17qLP49m97BFahCe7f2mksMRoOgW', 0, NULL, NULL, NULL, NULL),
(877, 'nhhoang1.18it5@sict.udn.vn', '$2y$10$LLv9YZ9lmRVRTwWNy4Nj0OGWDCrTOf7nGQ6pPyxUu0aHR0RbgQ.J2', 0, NULL, NULL, NULL, NULL),
(931, 'nvan.19it1@sict.udn.vn', '$2y$10$8xmiOiGJQ282TwhK198H1.lY5dxzr4MKIsNoyaPiiQDx1wUUsrUEq', 0, NULL, NULL, NULL, NULL),
(932, 'vtqanh.19it1@sict.udn.vn', '$2y$10$O/G08hZ0PxzE1uiv4iCOjud9qyXjt/YabMQdkxKitp6wyI2rbfN7.', 0, NULL, NULL, NULL, NULL),
(933, 'nqchung.19it1@sict.udn.vn', '$2y$10$6Y12qHNN4//96xMZSoaqMO.hG3dVKaB6lm3CG5vZ9vzsNpazGrDJG', 0, NULL, NULL, NULL, NULL),
(934, 'tqdat.19it1@sict.udn.vn', '$2y$10$7txf0UJzFVjinIlgpXp0zOWQh.OWhC6M04d2K47XsWp8L/sgnuBba', 0, NULL, NULL, NULL, NULL),
(935, 'cvduc.19it1@sict.udn.vn', '$2y$10$lUEiCUOpGCplZE3jR0gyvOcFyXZbLTJ6D8m9EtQkjuRgOBNymUMZa', 0, NULL, NULL, NULL, NULL),
(936, 'nthgiang.19it1@sict.udn.vn', '$2y$10$BLNCSEwA7McJ6xP3NzY5qeodYD5pDFxrmKOK2XMpcQ7H3eDk7dJ1m', 0, NULL, NULL, NULL, NULL),
(937, 'dlha.19it1@sict.udn.vn', '$2y$10$QeBGJIxg0lxPxG876rXdseLEUV2U9nDC4cO.kWXEdDkIJ1rCpzkXS', 0, NULL, NULL, NULL, NULL),
(938, 'mhhai.19it1@sict.udn.vn', '$2y$10$WiPNUdW7Zddj3PHgm7eIDO1tChs/C1H.Ha/yTjep5LQpI4WhkVM8S', 0, NULL, NULL, NULL, NULL),
(939, 'nshai.19it1@sict.udn.vn', '$2y$10$sMa91I7MdTGtNzPKYOgDOeWHDVA55m1IGlQEmQz/hfGXSt4KfGHKK', 0, NULL, NULL, NULL, NULL),
(940, 'vdhieu.19it1@sict.udn.vn', '$2y$10$NdfqV.vYAqyY7xU2Ru50S.Qo0Ou6r1Q8iR2qQ7fvNh1puOkyjcoNK', 0, NULL, NULL, NULL, NULL),
(941, 'mahoa.19it1@sict.udn.vn', '$2y$10$sGlT5rEMLSWS4XBJOcw96u.t15onQgdVy3uOfFTyGl.8pCLCdbRQa', 0, NULL, NULL, NULL, NULL),
(942, 'nthoa.19it1@sict.udn.vn', '$2y$10$Lf8sYbxnI4MPDqo2WJB34.kurlx61yow2sHDwbFm1Qg5ou8SXxNxa', 0, NULL, NULL, NULL, NULL),
(943, 'lvhoang.19it1@sict.udn.vn', '$2y$10$TTVkTo5f5X2Ze2rDC9dwX.C/oiSHeoDY5ctfGK3cA72eFRnGZzZei', 0, NULL, NULL, NULL, NULL),
(944, 'tthoang.19it1@sict.udn.vn', '$2y$10$Npq4JyHYlWD7Do5YZq2bOe7QVZeHsRGAr5b0T1UpXcqE3BQqgp4ji', 0, NULL, NULL, NULL, NULL),
(945, 'ndhuy.19it1@sict.udn.vn', '$2y$10$6fdly4oZFzWkdaqAyL.HxOrlB8LZjssh1d7TcISeIHnPU9BbltLfK', 0, NULL, NULL, NULL, NULL),
(946, 'ntchuyen.19it1@sict.udn.vn', '$2y$10$AjYwxCNyPA45HL5.clQMremynLrMLlEyCVfO9X/0/EjWhgHwTmjZi', 0, NULL, NULL, NULL, NULL),
(947, 'ntthuong.19it1@sict.udn.vn', '$2y$10$5p5wnZ9n9IDqExZ1mc.8O.EaFH08aESoACZL766guAA/L0LYG81Sy', 0, NULL, NULL, NULL, NULL),
(948, 'nvhuu.19it1@sict.udn.vn', '$2y$10$dRxh/JCBy/FBFQ3Npil2ROoUvBNKjYAIZCo3xKBAog8fa73x3h9RG', 0, NULL, NULL, NULL, NULL),
(949, 'lvkha.19it1@sict.udn.vn', '$2y$10$7mfq8KmSxtpaZ118aO01pOlSAsE1xKA9srJsa7EXON6uPAKHOtC8q', 0, NULL, NULL, NULL, NULL),
(950, 'pgkhai.19it1@sict.udn.vn', '$2y$10$JLULV1U5XIPrsmo1Tisam.EJ5WkT3ydCWLzKovoFkC02dREzmtsTa', 0, NULL, NULL, NULL, NULL),
(951, 'nhtlong.19it1@sict.udn.vn', '$2y$10$XTBtHwDK3xv/QePwWgiqJOEssbHLarmV5bv4vofb5B2R9XgTSXVba', 0, NULL, NULL, NULL, NULL),
(952, 'ntlong.19it1@sict.udn.vn', '$2y$10$SxbxZKyDywUzQ02sub2jPuoUSgXdyrAug/DlxXCfH5RGKfiQ8f6ha', 0, NULL, NULL, NULL, NULL),
(953, 'ddluan.19it1@sict.udn.vn', '$2y$10$x321mZ4TcFAS4Uk37Vq/IeOGCjsO85BaYbpJVAk/JPvc.wnjDJdoy', 0, NULL, NULL, NULL, NULL),
(954, 'nttly.19it1@sict.udn.vn', '$2y$10$9AvCmlNJxT2Dol5kt7Cd6u5LPTtQWQmz1Z/WMeIN50U5O107Dzdh6', 0, NULL, NULL, NULL, NULL),
(955, 'nttnga.19it1@sict.udn.vn', '$2y$10$2SGOEcSYAwl6sSvECHmjFOCQlTkwNhiPzR24qG78fC2YpVYT0BmO2', 0, NULL, NULL, NULL, NULL),
(956, 'pvtnguyet.19it1@sict.udn.vn', '$2y$10$6XTBpNFWuyJ80Ai0Q9Sd6OM89wQCzKflz8TEY74KkJzt7m3549rDC', 0, NULL, NULL, NULL, NULL),
(957, 'hcnhan.19it1@sict.udn.vn', '$2y$10$H0hPytenKDyrYb3Wt8UQnOZUNfQRZWUKc7AMePDZ7b7ZANcvqnI.y', 0, NULL, NULL, NULL, NULL),
(958, 'nnnhan.19it1@sict.udn.vn', '$2y$10$g/q7anVApD9w1nuAOiuoIuIk46q.bPMU5wEvLL5bPEgEjMHHO4QqC', 0, NULL, NULL, NULL, NULL),
(959, 'nthnhung.19it1@sict.udn.vn', '$2y$10$iFq8qCzTMaUd1h9Z5fP6v.Rj6zfxFFTcYYa3AWFuVd9wAlak0kbZO', 0, NULL, NULL, NULL, NULL),
(960, 'ntoanh.19it1@sict.udn.vn', '$2y$10$rM8H1cyv2RfmtRAd5PRyHOfb52YWHm3vLJaKMrlKgaSnasDoS2I16', 0, NULL, NULL, NULL, NULL),
(961, 'htphong.19it1@sict.udn.vn', '$2y$10$AVioWfjaI/1kwN5S6o6XmeJb6powgPPOKbd/iJ03r1M8qPe1iHop2', 0, NULL, NULL, NULL, NULL),
(962, 'ndqphu.19it1@sict.udn.vn', '$2y$10$6jcbJ33RCvLVJ7pTVw5ZgefDWu1gjSqz0gBFc1fUgzILPBSPf0rzK', 0, NULL, NULL, NULL, NULL),
(963, 'ptphu.19it1@sict.udn.vn', '$2y$10$0mmrF.WqOQbEBWBt8dEgEe5y4SxCiUDqOSVOrGgdbVIYCv16a4XbS', 0, NULL, NULL, NULL, NULL),
(964, 'ndphuc.19it1@sict.udn.vn', '$2y$10$08ryfAPyf7pr0OxgBHJqxOIHHFnTQ7.lRjcRogQw7M/bHhpzTj2K6', 0, NULL, NULL, NULL, NULL),
(965, 'pvphung.19it1@sict.udn.vn', '$2y$10$qOGCdKQV.Y..hV6OyBF46.yxfwVIUHwRNKKfSCmkrx0E.mGx0qque', 0, NULL, NULL, NULL, NULL),
(966, 'ndquang.19it1@sict.udn.vn', '$2y$10$LvMiFGlIYuiQBtLXBonZYed8AAVujevyc0me1a7FWUsM6aR41fjTG', 0, NULL, NULL, NULL, NULL),
(967, 'taquan.19it1@sict.udn.vn', '$2y$10$OW6cDd9Jvkq3HG7yeyitZeWvSD3AgeJVQuKCkzreGsOHCO85.iNwK', 0, NULL, NULL, NULL, NULL),
(968, 'paquoc.19it1@sict.udn.vn', '$2y$10$KJi.wcdv8Vf/2eMG.t58H.oD6/IN7WCP.TW6zr13nw31iSDwztMNG', 0, NULL, NULL, NULL, NULL),
(969, 'lvtson.19it1@sict.udn.vn', '$2y$10$YMM5HO6TmbaKxrZOqypSwOY9obGROBG9ZC9GyfxYKiT4WW6qi2JEG', 0, NULL, NULL, NULL, NULL),
(970, 'dqtai.19it1@sict.udn.vn', '$2y$10$6vJz.BfcKCwoMwex0jOUderu.RgLqTfDtbIjko8BLzOzDXYRZOD8O', 0, NULL, NULL, NULL, NULL),
(971, 'lvtan.19it1@sict.udn.vn', '$2y$10$GuJ6AR6DSFOU.WQdcxoGtuadompPVdhw32nD0x8LRVU6cAenBwg6y', 0, NULL, NULL, NULL, NULL),
(972, 'nvtthanh.19it1@sict.udn.vn', '$2y$10$X1KpZX4BGMFKYO416gxSaO61LaAhz4UjeMHgl9QIRdwV53GUr8y46', 0, NULL, NULL, NULL, NULL),
(973, 'hxthang.19it1@sict.udn.vn', '$2y$10$Yosnv0MFnNdPhkVDl6XZsOz4jr8Zz54bJWjaQmlKupSQqDaMBihka', 0, NULL, NULL, NULL, NULL),
(974, 'ptthang.19it1@sict.udn.vn', '$2y$10$pEsJqJScO9YP/g8tkRIAouimVNODwY115meQolZLRDb57hTyCxXYG', 0, NULL, NULL, NULL, NULL),
(975, 'nhthien.19it1@sict.udn.vn', '$2y$10$xe0axQkkHHwqbVSVWsREWeWCskjcIXluokqMY1Jnia5gtlW96.ze6', 0, NULL, NULL, NULL, NULL),
(976, 'ttnthuy.19it1@sict.udn.vn', '$2y$10$Li1fcuKO5lZmLFAjv2GQteqqJd7lDg/J1GKtoKg6JhYqaNJrCWDF2', 0, NULL, NULL, NULL, NULL),
(977, 'pttriem.19it1@sict.udn.vn', '$2y$10$/9cMeoAxW.HSyKWI/8I.NOKz1C.SmhKvgGZU/dbOd7AqaqSJEccA6', 0, NULL, NULL, NULL, NULL),
(978, 'nbtrien.19it1@sict.udn.vn', '$2y$10$7b1mwj8fOOIExJWOK8xjvuubqydsXgVP1bV3QyR/eeLq/blFIwEw2', 0, NULL, NULL, NULL, NULL),
(979, 'putrung.19it1@sict.udn.vn', '$2y$10$uu2.8Qw0sXF/GHFmRO6XNu2IkMyo/rdvU6EcYwOt/fzgsGOYEIJzm', 0, NULL, NULL, NULL, NULL),
(980, 'thtu.19it1@sict.udn.vn', '$2y$10$pg4zvrSDyZM0DryleQcN6OveobhSs3rmhEWM0Ade6rci/nym8t0UK', 0, NULL, NULL, NULL, NULL),
(981, 'ncuy.19it1@sict.udn.vn', '$2y$10$XLk2poQ9FzyMfkco56epHunOgWATK7yX0oM2xKOLUl7lc8Ro3hC52', 0, NULL, NULL, NULL, NULL);

--
-- Indexes for dumped tables
--

--
-- Indexes for table `action`
--
ALTER TABLE `action`
  ADD PRIMARY KEY (`id_action`) USING BTREE,
  ADD KEY `category` (`id_category`);

--
-- Indexes for table `action_relationship_class`
--
ALTER TABLE `action_relationship_class`
  ADD PRIMARY KEY (`id_action_rela_class`),
  ADD KEY `ac_Action` (`id_action`);

--
-- Indexes for table `attendance`
--
ALTER TABLE `attendance`
  ADD PRIMARY KEY (`id_attendance`),
  ADD KEY `action` (`id_action`),
  ADD KEY `student` (`id_student`);

--
-- Indexes for table `category`
--
ALTER TABLE `category`
  ADD PRIMARY KEY (`id_category`);

--
-- Indexes for table `class`
--
ALTER TABLE `class`
  ADD PRIMARY KEY (`id_class`),
  ADD KEY `class-teacher` (`id_teacher`);

--
-- Indexes for table `diem_demo`
--
ALTER TABLE `diem_demo`
  ADD PRIMARY KEY (`id`);

--
-- Indexes for table `dot_xet_diem`
--
ALTER TABLE `dot_xet_diem`
  ADD PRIMARY KEY (`id_dot_xet`),
  ADD KEY `name_hoc` (`nam_hoc`);

--
-- Indexes for table `dot_xet_diem_rela_class`
--
ALTER TABLE `dot_xet_diem_rela_class`
  ADD PRIMARY KEY (`id`),
  ADD KEY `dot_dot` (`id_dot`);

--
-- Indexes for table `my_points`
--
ALTER TABLE `my_points`
  ADD PRIMARY KEY (`id_my_point`) USING BTREE,
  ADD KEY `std` (`id_student`),
  ADD KEY `tempmm` (`id_dot`);

--
-- Indexes for table `points`
--
ALTER TABLE `points`
  ADD PRIMARY KEY (`id_point`),
  ADD KEY `dot` (`id_dot`);

--
-- Indexes for table `positions`
--
ALTER TABLE `positions`
  ADD PRIMARY KEY (`id_position`) USING BTREE;

--
-- Indexes for table `profiles`
--
ALTER TABLE `profiles`
  ADD PRIMARY KEY (`id_profile`) USING BTREE,
  ADD KEY `users` (`email`);

--
-- Indexes for table `school_year`
--
ALTER TABLE `school_year`
  ADD PRIMARY KEY (`id_year`) USING BTREE;

--
-- Indexes for table `students`
--
ALTER TABLE `students`
  ADD PRIMARY KEY (`id_profile`) USING BTREE,
  ADD KEY `id_student` (`id_student`),
  ADD KEY `student-class` (`id_class`),
  ADD KEY `student-position` (`id_position`);

--
-- Indexes for table `teachers`
--
ALTER TABLE `teachers`
  ADD PRIMARY KEY (`id_teacher`),
  ADD KEY `teacher-profile` (`id_profile`);

--
-- Indexes for table `users`
--
ALTER TABLE `users`
  ADD PRIMARY KEY (`id`,`email`),
  ADD KEY `email` (`email`),
  ADD KEY `id` (`id`);

--
-- AUTO_INCREMENT for dumped tables
--

--
-- AUTO_INCREMENT for table `action`
--
ALTER TABLE `action`
  MODIFY `id_action` int(11) NOT NULL AUTO_INCREMENT, AUTO_INCREMENT=10678;

--
-- AUTO_INCREMENT for table `action_relationship_class`
--
ALTER TABLE `action_relationship_class`
  MODIFY `id_action_rela_class` int(11) NOT NULL AUTO_INCREMENT, AUTO_INCREMENT=20;

--
-- AUTO_INCREMENT for table `attendance`
--
ALTER TABLE `attendance`
  MODIFY `id_attendance` int(255) NOT NULL AUTO_INCREMENT, AUTO_INCREMENT=88527;

--
-- AUTO_INCREMENT for table `category`
--
ALTER TABLE `category`
  MODIFY `id_category` int(11) NOT NULL AUTO_INCREMENT, AUTO_INCREMENT=6;

--
-- AUTO_INCREMENT for table `diem_demo`
--
ALTER TABLE `diem_demo`
  MODIFY `id` int(11) NOT NULL AUTO_INCREMENT, AUTO_INCREMENT=84;

--
-- AUTO_INCREMENT for table `dot_xet_diem`
--
ALTER TABLE `dot_xet_diem`
  MODIFY `id_dot_xet` int(255) NOT NULL AUTO_INCREMENT, AUTO_INCREMENT=34;

--
-- AUTO_INCREMENT for table `dot_xet_diem_rela_class`
--
ALTER TABLE `dot_xet_diem_rela_class`
  MODIFY `id` int(11) NOT NULL AUTO_INCREMENT, AUTO_INCREMENT=18;

--
-- AUTO_INCREMENT for table `my_points`
--
ALTER TABLE `my_points`
  MODIFY `id_my_point` int(255) NOT NULL AUTO_INCREMENT, AUTO_INCREMENT=1149;

--
-- AUTO_INCREMENT for table `points`
--
ALTER TABLE `points`
  MODIFY `id_point` int(255) NOT NULL AUTO_INCREMENT, AUTO_INCREMENT=1183;

--
-- AUTO_INCREMENT for table `positions`
--
ALTER TABLE `positions`
  MODIFY `id_position` int(11) NOT NULL AUTO_INCREMENT, AUTO_INCREMENT=7;

--
-- AUTO_INCREMENT for table `profiles`
--
ALTER TABLE `profiles`
  MODIFY `id_profile` int(255) NOT NULL AUTO_INCREMENT, AUTO_INCREMENT=953;

--
-- AUTO_INCREMENT for table `teachers`
--
ALTER TABLE `teachers`
  MODIFY `id_teacher` int(255) NOT NULL AUTO_INCREMENT, AUTO_INCREMENT=2;

--
-- AUTO_INCREMENT for table `users`
--
ALTER TABLE `users`
  MODIFY `id` int(11) NOT NULL AUTO_INCREMENT, AUTO_INCREMENT=982;

--
-- Constraints for dumped tables
--

--
-- Constraints for table `action`
--
ALTER TABLE `action`
  ADD CONSTRAINT `category` FOREIGN KEY (`id_category`) REFERENCES `category` (`id_category`) ON DELETE CASCADE ON UPDATE CASCADE;

--
-- Constraints for table `action_relationship_class`
--
ALTER TABLE `action_relationship_class`
  ADD CONSTRAINT `ac_Action` FOREIGN KEY (`id_action`) REFERENCES `action` (`id_action`) ON DELETE CASCADE ON UPDATE CASCADE;

--
-- Constraints for table `attendance`
--
ALTER TABLE `attendance`
  ADD CONSTRAINT `action` FOREIGN KEY (`id_action`) REFERENCES `action` (`id_action`) ON DELETE CASCADE ON UPDATE CASCADE,
  ADD CONSTRAINT `student` FOREIGN KEY (`id_student`) REFERENCES `students` (`id_student`) ON DELETE CASCADE ON UPDATE CASCADE;

--
-- Constraints for table `class`
--
ALTER TABLE `class`
  ADD CONSTRAINT `class-teacher` FOREIGN KEY (`id_teacher`) REFERENCES `teachers` (`id_teacher`);

--
-- Constraints for table `dot_xet_diem`
--
ALTER TABLE `dot_xet_diem`
  ADD CONSTRAINT `nam_hoc` FOREIGN KEY (`nam_hoc`) REFERENCES `school_year` (`id_year`) ON DELETE CASCADE ON UPDATE CASCADE;

--
-- Constraints for table `dot_xet_diem_rela_class`
--
ALTER TABLE `dot_xet_diem_rela_class`
  ADD CONSTRAINT `dot_dot` FOREIGN KEY (`id_dot`) REFERENCES `dot_xet_diem` (`id_dot_xet`) ON DELETE CASCADE ON UPDATE CASCADE;

--
-- Constraints for table `my_points`
--
ALTER TABLE `my_points`
  ADD CONSTRAINT `std` FOREIGN KEY (`id_student`) REFERENCES `students` (`id_student`) ON DELETE CASCADE ON UPDATE CASCADE,
  ADD CONSTRAINT `tempmm` FOREIGN KEY (`id_dot`) REFERENCES `dot_xet_diem` (`id_dot_xet`) ON DELETE CASCADE ON UPDATE CASCADE;

--
-- Constraints for table `points`
--
ALTER TABLE `points`
  ADD CONSTRAINT `dot` FOREIGN KEY (`id_dot`) REFERENCES `dot_xet_diem` (`id_dot_xet`) ON DELETE CASCADE ON UPDATE CASCADE;

--
-- Constraints for table `profiles`
--
ALTER TABLE `profiles`
  ADD CONSTRAINT `users` FOREIGN KEY (`email`) REFERENCES `users` (`email`) ON DELETE CASCADE ON UPDATE CASCADE;

--
-- Constraints for table `students`
--
ALTER TABLE `students`
  ADD CONSTRAINT `student-class` FOREIGN KEY (`id_class`) REFERENCES `class` (`id_class`) ON DELETE CASCADE ON UPDATE CASCADE,
  ADD CONSTRAINT `student-position` FOREIGN KEY (`id_position`) REFERENCES `positions` (`id_position`) ON DELETE CASCADE ON UPDATE CASCADE,
  ADD CONSTRAINT `student-profile` FOREIGN KEY (`id_profile`) REFERENCES `profiles` (`id_profile`) ON DELETE CASCADE ON UPDATE CASCADE;

--
-- Constraints for table `teachers`
--
ALTER TABLE `teachers`
  ADD CONSTRAINT `teacher-profile` FOREIGN KEY (`id_profile`) REFERENCES `profiles` (`id_profile`);
COMMIT;

/*!40101 SET CHARACTER_SET_CLIENT=@OLD_CHARACTER_SET_CLIENT */;
/*!40101 SET CHARACTER_SET_RESULTS=@OLD_CHARACTER_SET_RESULTS */;
/*!40101 SET COLLATION_CONNECTION=@OLD_COLLATION_CONNECTION */;
